Data Source,World Development Indicators,,,,,,,,,,,,,,,,,,,,,,,,,,,,,,,,,,,,,,,,,,,,,,,,,,,,,,,,,,,,,,,,,,,,
Last Updated Date,2/24/2026,,,,,,,,,,,,,,,,,,,,,,,,,,,,,,,,,,,,,,,,,,,,,,,,,,,,,,,,,,,,,,,,,,,,
,,,,,,,,,,,,,,,,,,,,,,,,,,,,,,,,,,,,,,,,,,,,,,,,,,,,,,,,,,,,,,,,,,,,,
Country Name,Country Code,Indicator Name,Indicator Code,1960,1961,1962,1963,1964,1965,1966,1967,1968,1969,1970,1971,1972,1973,1974,1975,1976,1977,1978,1979,1980,1981,1982,1983,1984,1985,1986,1987,1988,1989,1990,1991,1992,1993,1994,1995,1996,1997,1998,1999,2000,2001,2002,2003,2004,2005,2006,2007,2008,2009,2010,2011,2012,2013,2014,2015,2016,2017,2018,2019,2020,2021,2022,2023,2024,2025
Aruba,ABW,"Personal remittances, paid (current US$)",BM.TRF.PWKR.CD.DT,,,,,,,,,,,,,,,,,,,,,,,,,,,,,,,,16480446.93,4692737.43,4301675.978,3687150.838,4972067.039,7206703.911,10000000,11620111.73,27391061.45,43743016.76,39111731.84,45960893.85,47636871.51,49072625.7,61930744.94,71864171.25,73072625.7,75642458.1,72960893.85,64916201.12,63910614.53,67821229.05,96600635.73,101055321.9,101227532.4,98053343.88,108045584.6,111650956.9,112627597.6,101762567.2,111331648.7,110361038.3,116053861.3,,
Africa Eastern and Southern,AFE,"Personal remittances, paid (current US$)",BM.TRF.PWKR.CD.DT,,,,,,,,,,,236599899.3,283822326.7,279514373.8,423839386,586474731.5,713899293.5,683551300.4,775546409.3,927359302.2,1116684897,1423632252,1435132461,1246417321,1336160840,1134294483,955028050.6,1138884724,1281708230,1292323126,1373341370,1531273834,1182024793,1111638543,977299861.6,943491721.6,1118429582,906140765,1138290562,1182221150,1535911819,1679660277,1467470662,1447000638,1594327556,1797249967,1896043888,2115442387,2513039712,2760142160,2922784448,3162757336,3993999311,5297552971,5726217719,6397275164,5086999108,4367668248,4629467027,5056366548,4862393351,4930019869,5215700490,6658748600,6532030268,5789717449,
Afghanistan,AFG,"Personal remittances, paid (current US$)",BM.TRF.PWKR.CD.DT,,,,,,,,,,,,,,,,,,,,,,,,,,,,,,,,,,,,,,,,,,,,,,,,,216603835.9,624996676.8,788698416.8,454083462,323642538.3,444730790.5,524163478.5,228991809.2,167894464.3,143979106.2,234618700.6,217292318,225420606.5,,,,,
Africa Western and Central,AFW,"Personal remittances, paid (current US$)",BM.TRF.PWKR.CD.DT,,,,,,,,,,,,,,,66571205.38,316663083.1,411576879.9,707827702.3,999102012.2,1479642627,1921705599,1472711851,1380184979,1363155740,1224842870,1213010759,1388437271,1356902228,1334993140,1106903164,1243457420,1225759503,1320336792,1223395342,932485683.2,874126821,962138138,897535152.4,920778220.4,862537309.2,726586260.6,742874610.3,939073061.1,1149173591,1167618464,1396177601,1370475668,1616423129,1798809758,1941660245,2197706934,2320543685,2801869516,2951823433,2963446305,6049161329,4995314480,3922327098,3928024906,3631313134,3759724951,3502342150,4063664202,4611074155,4305668164,
Angola,AGO,"Personal remittances, paid (current US$)",BM.TRF.PWKR.CD.DT,,,,,,,,,,,,,,,,,,,,,,,,,,79000000,89000000,77000000,71000000,104000000,150000000,124500000,121637000,132900000,148900000,209546000,173802000,179950000,201650000,263070000,266290000,216060000,223507959.1,229849970,296009591.2,214905215.9,412666785,602671451.3,669453676,715962015.8,714458886,564261541.6,2051320868,2395965856,2746615873,1252909012,1176110314,961415276.2,681627015.5,549082042.6,576471436.8,445400143.8,517668187.4,434161570,419534481.9,
Albania,ALB,"Personal remittances, paid (current US$)",BM.TRF.PWKR.CD.DT,,,,,,,,,,,,,,,,,,,,,,,,,,,,,,,,,,,,,,,,,,,,4135728.07,4863740.36,6511798.046,26532132.03,9940000,279685288.7,229819782.3,209306821.6,150855105.3,215775643.9,190551293.6,178722842.2,153312400.5,147156757.4,106330982.9,114879336.9,119679640.8,124630375.7,140344309.7,149489653.2,178276905.2,205314880.6,
Andorra,AND,"Personal remittances, paid (current US$)",BM.TRF.PWKR.CD.DT,,,,,,,,,,,,,,,,,,,,,,,,,,,,,,,,,,,,,,,,,,,,,,,,,,,,,,,,,,,,91484853.44,83804274.98,70514090.7,123883259.2,164794178.6,140043306.1,
Arab World,ARB,"Personal remittances, paid (current US$)",BM.TRF.PWKR.CD.DT,,,,,,,,,,,,207273315.4,267808471.7,391195251.5,629195808.4,1376642801,1939672279,3525187311,5205466032,6091302765,7072544827,8910686520,9203241464,9690140968,9212341103,9275799435,8410995231,8251911311,9921022722,12037563949,13914198647,16142240140,16642573420,19441171179,21969647621,20686266649,19447665639,19396284600,19382478424,18531619441,20426443036,20784032006,23920666800,24919634711,24612476301,26087047074,29612133138,36448770052,45708542136,53500976466,54239338856,67661826415,74494429135,85596649517,87003954094,86616836930,84701681208,81955127495,80931765314,81598928001,79264118678,85987523328,87545112786,83986856600,86223062230,
United Arab Emirates,ARE,"Personal remittances, paid (current US$)",BM.TRF.PWKR.CD.DT,,,,,,,,,,,,,,,,,,,,,,,,,,,,,,,,,,,,,,,,,,,,,,,,,,,,,,,,,,,,,,,,,,
Argentina,ARG,"Personal remittances, paid (current US$)",BM.TRF.PWKR.CD.DT,,,,,,,,,,,,,,,,,,,16000000,28000000,36000000,27000000,18000000,19000000,22000000,18000000,20000000,21000000,45360000.61,69720001.22,94080001.83,118440002.4,142800000,163100000,176600000,195200000,207300000,231700000,246500000,250300000,267700000,256100000,119550000,180410000,234470000,314010000,356443536.6,463192097.3,631436069.1,766571548.3,1037765446,1137054506,979205922.3,887803486.6,732414557.1,685001365.9,769242058,1060484530,1010375536,669932291.4,521040572.5,601996355.7,584773181.2,520192215.1,569566511.9,
Armenia,ARM,"Personal remittances, paid (current US$)",BM.TRF.PWKR.CD.DT,,,,,,,,,,,,,,,,,,,,,,,,,,,,,,,,,,,,,31400000,37190000,3210000,8045000,3520000,18080000,22791214.45,25591178,184166845.3,207369058.1,182059933.2,238832730.7,223597466.9,180494515.9,227429876.3,300394193.5,314788691.7,355297861.2,390589978.8,363788468.8,358015507.1,367496443.8,341262575.4,362671834.1,304365569.4,352775607.7,666339636.1,608099453.9,595500108.9,
American Samoa,ASM,"Personal remittances, paid (current US$)",BM.TRF.PWKR.CD.DT,,,,,,,,,,,,,,,,,,,,,,,,,,,,,,,,,,,,,,,,,,,,,,,,,,,,,,,,,,,,,,,,,,
Antigua and Barbuda,ATG,"Personal remittances, paid (current US$)",BM.TRF.PWKR.CD.DT,,,,,,,,,,,,,,,,,,,,,,,,,,,11148148.54,10925926.21,4314815.044,9474074.364,6311111.111,7867901.325,9424691.2,10981481.48,8396296.296,7859259.259,2051851.852,1111111.111,1085185.185,1581851.852,1558148.148,1564444.444,1411481.481,1489292.593,1566737.037,37356938.97,39912337.54,48278132.51,51046970.37,48365332.44,48919119.18,48524100.83,50128385.69,49248879.31,52088361.55,52822644.38,54742927.5,55445390.11,54174267.55,47551576.3,44158258.52,52124108.52,55995754.81,56631408.52,42946906.3,
Australia,AUS,"Personal remittances, paid (current US$)",BM.TRF.PWKR.CD.DT,,,,,,,,,,,66080009.46,83962074.28,122832298.3,193900329.6,213557098.4,222246444.7,211665603.6,208692459.1,247260421.8,273925994.9,303632507.3,365259887.7,365698913.6,381575408.9,403232727.1,311754455.6,291884246.8,340696655.3,428584075.9,555251220.7,601367467,522617128.6,457806049.6,441562934,487695522.2,570167764.2,728177753.8,771092538,796700672.9,870854803.4,868990623.8,855078367.4,991488492.4,1380807138,1608966510,1531079216,2051227219,2980870874,3366427027,3224401182,4655461397,6597638171,7288016964,7353448445,6916961340,6032850095,6179374298,6958253424,7724266359,8123655294,7264141885,6458243743,8454287474,13784816486,16079465513,
Austria,AUT,"Personal remittances, paid (current US$)",BM.TRF.PWKR.CD.DT,,,,,,,,,,,24692306.52,46596698.76,98605583.19,181810546.9,271194152.8,243576324.5,232826538.1,239277359,187292373.7,231978363,334470336.9,285688446,265836181.6,214980117.8,194567581.2,189676162.7,224538681,228747100.8,251341339.1,302310730,319779052.7,415871521,206126342.8,288913970.9,292412139.9,345817108.2,346233947.8,342774261.5,932067504.9,1370329468,1298060059,1421891113,1517669556,1874189575,2227846924,2118672481,2302162765,2592071466,2984770131,2909179497,2989978305,3622755852,3450702386,4105252550,4962526962,4750215268,4885123591,5369093592,6206351379,6423312126,6214084545,6878204795,6949674701,8129050456,9677952358,
Azerbaijan,AZE,"Personal remittances, paid (current US$)",BM.TRF.PWKR.CD.DT,,,,,,,,,,,,,,,,,,,,,,,,,,,,,,,,,,,,9310000,14861000,19039000,30272000,77030000,100962000,141882000,187881000,131284000,172305000,239397000,274348000,404535000,567345000,638101000,953589000,1279630000,2072681000,1902602000,2031324000,1293019000,740236000,603318000,579500000,621549000,731878000,812858000,811938000,674780000,663698000,
Burundi,BDI,"Personal remittances, paid (current US$)",BM.TRF.PWKR.CD.DT,,,,,,,,,,,,,,,,,,,,,,,,,,8542493.82,6998269.558,8797072.411,5940382.481,5376050.472,5313700.54,4363333.855,6821804.17,5997199.11,3930143.967,4496361.471,4508720.162,2332902.103,2158494.302,2087967.173,2463668.236,2355623.71,2825143.545,3267998.005,330638.5684,193606.1582,206185.857,225443.0491,241799.9633,1114227.941,4957959.182,6163321.192,5235126.899,6978499.112,14839828.02,21045843.8,16966534,15744577,19337224.25,17437072.04,16209814.82,17343275.93,16594852.78,15863783.06,16189395.11,
Belgium,BEL,"Personal remittances, paid (current US$)",BM.TRF.PWKR.CD.DT,,,,,,,,,,,,,,,,580808349.6,663999267.6,713931457.5,987577941.9,1130499146,1280031494,1187483032,994580749.5,892699218.8,793433410.6,779245666.5,986456298.8,1276381836,1380126343,1508718384,2309630859,2432428223,2896886230,3029477295,3659792236,3251686279,3418260742,3125033203,3347351807,3653230957,3587770752,3905530518,1628741741,2097327654,2342483501,2426083651,2564697223,3201618745,4123817771,4291702746,4142285273,4504366771,4303018198,4548072301,5251309838,4441158754,4564818716,4747435274,5611363725,5348935401,6066880104,7063245871,8009404880,9517470507,10113206950,
Benin,BEN,"Personal remittances, paid (current US$)",BM.TRF.PWKR.CD.DT,,,,,,,,,,,,,,,2687941.313,2664328.575,1330819.607,1208891.153,1511150.599,1842783.809,2120413.303,1898933.649,23773132.32,22295349.12,28693920.14,11129339.22,2887620.449,3327382.088,15516963.96,15151329.99,20687581.54,20727602.97,21149125.07,21458697.02,23251784.61,26484507.04,33615322.66,17064455.45,29877018.36,5934716.829,8901617.842,10267645.66,6648280.332,5247479.748,5637750.016,33541431.02,60845024.6,107687774.6,74614342.84,70228496.43,63440509.31,61631882.65,87741932.92,101062518.8,144363224,98216933.46,88136694.41,72946194.17,94458843.34,87497446.54,92063088.59,100184328.7,102731291.5,108156484.2,,
Burkina Faso,BFA,"Personal remittances, paid (current US$)",BM.TRF.PWKR.CD.DT,,,,,,,,,,,,,,,13680665.02,31015398.03,30261497.5,40516170.5,34348766.33,39394203.19,51931194.31,45419841.77,35510585.78,39783130.65,35529838.56,40757865.91,49268581.39,58355628.97,56955184.94,56073776.25,80855110.17,70661155.7,70100395.2,61805484.77,50952377.32,49878166.2,48803951.26,47729740.14,46655525.21,45581314.09,44507102.97,44031791.69,50096973.42,77183372.5,79165634.16,83860215.66,86153890.34,93321883.26,100015685.8,99707964.59,111897013,42037257.87,71420129.87,148953261.9,160554578.5,180767735.8,188062679.7,198931795.9,208745502.4,196545204.7,201769454.2,202582629.8,185158859.5,193012780.2,,
Bangladesh,BGD,"Personal remittances, paid (current US$)",BM.TRF.PWKR.CD.DT,,,,,,,,,,,,,,,,,720442.6527,517298.758,266491.8005,195129.6926,392002.4037,223066.7025,133171.5137,162511.2742,196470.6928,415305.5549,,,,,,,,,,,790506.6271,1714249.528,2557265.566,3704857.23,4378216.685,3699706.708,5734840.986,7068562.162,7743207.699,5457649.19,3322209.508,2809832.242,14330657.12,7791556.368,9418584.307,11612731.71,11741740.26,19553597.14,32521361.43,32102746.72,41213540.69,46838244.51,56932184.62,82792588.33,94827814.18,100464837,135240485.6,148789192,165689379.1,
Bulgaria,BGR,"Personal remittances, paid (current US$)",BM.TRF.PWKR.CD.DT,,,,,,,,,,,,,,,,,,,,,,,,,,,,,,,,,,,,,33500000,15500000,3420338.638,3817229.843,25957718.8,26957168.67,14492716,12586214.16,29436635.35,35452285.33,49577452.77,102605421.7,161810952,101249928.6,90350000,104540000,107090000,161950000,169060000,114850000,126530000,163040000,195080000,204570000,189120000,157230000,188040000,174060000,422870000,
Bahrain,BHR,"Personal remittances, paid (current US$)",BM.TRF.PWKR.CD.DT,,,,,,,,,,,,,,,,263463958.7,292467742.9,347529388.4,448570159.9,322574310.3,329973266.6,367287231.4,372872345,345478729.2,384042541.5,778457458.5,716223388.7,672074462.9,668617004.4,693882995.6,332180851.1,369148936.2,335638297.9,395744692.3,430585146.5,499734081.3,559308559,634840484.6,725000072.3,856171707,1012681830,1286918851,871542553.2,1082180851,1119946809,1223404255,1530851064,1482771277,1774489021,1390957447,1641755319,2050000000,2074468085,2165957447,2364361702,2367287234,2391489362,2465957447,3268882979,2890159574,2738031915,2526861702,2711702128,2663297872,2659574468,
"Bahamas, The",BHS,"Personal remittances, paid (current US$)",BM.TRF.PWKR.CD.DT,,,,,,,,,,,,,,,,,26500000,29200000.76,38900001.53,27200000.76,41700000.76,30500000,35200000.76,26700000.76,32400001.53,33700000.76,32200000.76,39500000,47400001.53,39700000.76,38700000,49500000,28800000,27300000,28000000,31700000,33200000,36800000,39300000,47100000,56170000,53620000,57669730,62750000,71390000,83964350,100290000,94990000,65924820,63340000,88040000,119727000,139704000,138725000,150819241,178800140.7,193848517.9,262328167.5,210701450.4,206936185.7,235468493.5,246134328,216507922.5,295653593.1,320921378.6,
Bosnia and Herzegovina,BIH,"Personal remittances, paid (current US$)",BM.TRF.PWKR.CD.DT,,,,,,,,,,,,,,,,,,,,,,,,,,,,,,,,,,,,,,,,,2350912.047,10807341.19,14009275.68,20021614.02,62067340.78,39993450.05,54510130.99,65397819.04,55292739.2,55055851.87,46440159.07,51680114.14,46846961.26,48445049.04,46847045.16,55544289.46,60512502.94,63649593.43,83628912.5,84373799.56,96760344.48,110328943.6,107867530.4,136902834.9,166192585,
Belarus,BLR,"Personal remittances, paid (current US$)",BM.TRF.PWKR.CD.DT,,,,,,,,,,,,,,,,,,,,,,,,,,,,,,,,,,3500000,17000000,11900000,35600000,25700000,19900000,4800000,9600000,33200000,48800000,28100000,47100000,52200000,70400000,103200000,171000000,133000000,115700000,133800000,141700000,150800000,181200000,162300000,123800000,137800000,159900000,185900000,245200000,240200939.1,164657870.4,113931580,227841258.9,
Belize,BLZ,"Personal remittances, paid (current US$)",BM.TRF.PWKR.CD.DT,,,,,,,,,,,,,,,,,,,,,,,,,6800000.191,6400000.095,4650000.095,5349999.905,6000000,6000000,7150000,5700000,6000000,6000000,6568500,6881500,6875000,7550000,6900000,5972124.5,6435358.715,16029825.41,16651088.77,19749508.97,18013818.14,19332237.98,20608628.34,21454975.42,27977571.05,22508922.2,21991807.71,23529361.44,26326846.23,31523217.67,33269797.51,41161360.53,45202220.8,45607619.89,42979100.74,41881051.83,42407418.74,41695830.97,41395472.38,40719736.35,47224551.07,
Bermuda,BMU,"Personal remittances, paid (current US$)",BM.TRF.PWKR.CD.DT,,,,,,,,,,,,,,,,,,,,,,,,,,,,,,,,,,,,,,,,,,,,,,,171580000,177947228.1,190915102.1,212564001.2,238623065.8,215424493.8,217148645.7,218784177.2,224147086.9,186973109.8,213856867.8,218383822,197545233.4,198609831.9,183196006.1,159405524.5,171910319.1,176175684.7,,
Bolivia,BOL,"Personal remittances, paid (current US$)",BM.TRF.PWKR.CD.DT,,,,,,,,,,,,,,,,,1799999.952,2000000,2200000.048,2000000,2400000.095,2200000.048,2299999.952,2299999.952,2200000.048,3299999.952,5099999.905,4199999.809,7099999.905,7699999.809,7700000,8600000,8900000,9500000,9800000,9200000,13000000,12000000,15100000,32100000,37000000,36380000,37880000,45781410.25,50586782.93,66719820.04,73240336.47,78912289.45,105883449.6,103470000,101784071.7,117258563.5,147112672.3,172158814.2,180137043.9,210175743.5,222250464.3,232927804.4,251815643.3,275421573.7,215679931.6,293731382.5,319306430.9,332201491.4,245822433.5,
Brazil,BRA,"Personal remittances, paid (current US$)",BM.TRF.PWKR.CD.DT,,,,,,,,,,,,,,,,108000000,103000000,114000000,147000000,27000000,152000000,154000000,168000000,19000000,5000000,6000000,10000000,10000000,7000000,9000000,11000000,21000000,34000000,198000000,250000000,336000000,396000000,361000000,359000000,308000000,338325000,344833000,329421000,295980000,339493000,373953000,529306000,562634000,813083000,730896100,1023656775,1123817122,1063670887,1150189008,1538775897,1339086890,1385076006,2238140844,2253247430,2231583198,1607787352,1755081763,2238383172,2286433574,2090043730,
Barbados,BRB,"Personal remittances, paid (current US$)",BM.TRF.PWKR.CD.DT,,,,,,,,,,,550000.0119,354452.5802,416388.8991,816651.2847,438333.5412,396261.9305,100000.0015,649999.9762,649999.9762,750000,699999.9881,800000.0119,550000.0119,500000,850000.0238,750000,800000.0119,4500000,3650000.095,7000000,6250000,7700000,8800000,9550000,11250000,15450000,20350000,16250000,17700000,18950000,19150000,20300000,20134500,21713000,18250000,40794146.7,35778093,55286712.96,39018966.67,37170015.89,35029244.53,56726261.54,52694935,63896785.98,62510666.95,54531589.64,51615785.78,48758037.11,,,,,,,,
Brunei Darussalam,BRN,"Personal remittances, paid (current US$)",BM.TRF.PWKR.CD.DT,,,,,,,,,,,,,,,,,,,,,,,,,,,,,,,,,,,,,,,,,,,89225732.06,96975673.55,353781659.8,375574678.9,405466493.7,430285346.6,420360159,444817438.6,,,,,,,,,,,,,,,,
Bhutan,BTN,"Personal remittances, paid (current US$)",BM.TRF.PWKR.CD.DT,,,,,,,,,,,,,,,,,,,,,,,,,,,,,,,,,,,,,,,,,,,,,,,75022491.03,60503403.68,61007916.24,47650215.21,70779765.67,92283274.05,73765182.33,57949829.29,52119521.97,54958721.17,52526250.44,52589438.24,57524189.42,64990915.75,47980514.8,25794645.5,33684108.32,77803979.62,74536653.5,
Botswana,BWA,"Personal remittances, paid (current US$)",BM.TRF.PWKR.CD.DT,,,,,,,,,,,,,,,,3921527.863,36800010.68,40619522.09,34293014.53,16809679.03,25861236.57,29041337.97,25542390.82,22608638.76,24030069.35,15663051.61,22031305.31,1131665.826,18780263.9,36428863.53,117981204.5,117928922.8,139212456.6,131444548.8,145307825.6,198938992,86366731.21,119016205.7,117727668.6,122264635.6,133941061.2,129091561.7,129616289.5,185589022.4,99200398.06,107032901.7,97410081.81,98646074.2,57561567.9,59503691.65,99754459.86,122311487,124130509,97489264.39,105396857.5,94742111.7,80447980.8,81246534.89,63438910.57,99403760.85,182228868.6,242674148.1,211834421,211481653.1,117708429,
Central African Republic,CAF,"Personal remittances, paid (current US$)",BM.TRF.PWKR.CD.DT,,,,,,,,,,,,,,,,,,11335898.4,14823457.72,10511388.78,19609090.81,15783966.06,17714208.6,16739881.52,15264671.33,15051318.17,24230022.43,28944896.7,33013458.25,31184141.16,35987025.99,35199421.53,34591173.49,35968735.76,27377290.07,,,,,,,,,,,,,,,,,,,,,,,,,,,,,,,
Canada,CAN,"Personal remittances, paid (current US$)",BM.TRF.PWKR.CD.DT,,,,,,,,,,,,,,,,,,,,,,,,,,,,,,,1314152129,1312810162,1225019805,1137252966,1180866507,1306027082,1451288395,1547247001,1494681390,1614242982,1696622259,1774974003,1970679764,2242154647,2610530519,3261615580,3286690324,4567022241,4859141897,4662098289,5290453957,5557756828,5629382995,5702499908,5948213017,5114157604,5255722465,6482765219,7578422449,8763218444,7458003424,8156966073,10423273671,13639016688,15226924063,
Central Europe and the Baltics,CEB,"Personal remittances, paid (current US$)",BM.TRF.PWKR.CD.DT,,,,,,,,,,,,,,,,,,,,,,,,,,,,,,,,,2144234.415,24086494.15,240562589.6,525506810.7,750624542,756134801,1128780841,1049646357,1518592487,1684720277,1841159624,2184365072,2509041356,3380777958,4244941341,5845107717,7846465763,6244750786,5294796023,6008992452,5925485811,6033833996,7231917545,6782270163,8175023805,12672007743,15619271596,16970073508,16144418490,19650938563,22188255522,23548332026,21289063924,
Switzerland,CHE,"Personal remittances, paid (current US$)",BM.TRF.PWKR.CD.DT,,,,,,,,,,,,,,,,,,1306414551,1865186401,2126028076,2339309326,2326597656,2755784424,2690623535,2470545654,2509029785,3777273438,5032216797,5765734863,6108715332,8167895428,8675015545,8851328208,8220467645,8723305860,10114090360,9613999887,7846621593,7767413870,7578140728,5873235216,6555649200,7528320437,9139365050,10332372823,10855475550,11670758414,13413018311,15834195089,16409734168,18532278971,23686929315,23715358981,25308164919,26782767189,25992541946,26004555633,26910080295,27689919998,28407983297,29557489282,32217974103,33302473614,37530844070,40110118772,
Channel Islands,CHI,"Personal remittances, paid (current US$)",BM.TRF.PWKR.CD.DT,,,,,,,,,,,,,,,,,,,,,,,,,,,,,,,,,,,,,,,,,,,,,,,,,,,,,,,,,,,,,,,,,,
Chile,CHL,"Personal remittances, paid (current US$)",BM.TRF.PWKR.CD.DT,,,,,,,,,,,,,,,,,,,,,70000000,93000000,81000000,14000000,14000000,13000000,12100000.38,14199999.81,14100000.38,17600000.38,7200000,8333333.015,9466666.222,10600000.38,11733333.59,12866666.79,14000000,20500000,15808000,14400000,15600000,15700000,15900000,3500000.051,3600001.632,3199999.163,3199999.841,3200000.505,3199999.725,103939862,148788989,177089471,237627483,310104616,304434933,386476769,345594093.5,492037287.3,623866299.7,722743058.6,615580366.4,636974680.3,673119195,681691198,690690250.1,
China,CHN,"Personal remittances, paid (current US$)",BM.TRF.PWKR.CD.DT,,,,,,,,,,,,,,,,,,,,,,,3000000,2000000,2000000,3000000,3000000,3000000,4000000,3000000,5000000,18000000,15000000,15000000,19000000,85666664.12,152333328.2,198000000,272000000,593000000,754290000,936000000,1172943240,1597068954,1997994276,1817413690,2329992813,2493058145,2736390791,2051656434,1455455375,1618147148,1788058506,1714202599,4155302052,5718191073,6210890956,16253286877,16548078396,15135300288,18295889483,22957840162,22156035785,20248297399,20018921503,
Cote d'Ivoire,CIV,"Personal remittances, paid (current US$)",BM.TRF.PWKR.CD.DT,,,,,,,,,,,,,,,,191775665.3,294203186,351270385.7,463980865.5,636982666,786162170.4,503806243.9,399870666.5,328551971.4,298885467.5,286691772.5,431988006.6,513747802.7,528792846.7,412528442.4,471232452.4,445930236.8,456757629.4,430494751,355004211.4,456978302,523895446.8,495143341.1,516943969.7,498902771,389722259.5,379542144.8,573897827.1,627857543.9,591410156.3,597208166.4,661035721.7,699271670.8,758687592,746399976.3,726293253.8,728565816.8,694444945.5,736281654.2,746866785.9,649769213.5,715984964.1,847275830.9,919027300.7,908280381.8,935869792.9,1011590171,1428226344,1634878758,2047156966,
Cameroon,CMR,"Personal remittances, paid (current US$)",BM.TRF.PWKR.CD.DT,,,,,,,,,,,,,,,,,,10908513.07,20119131.09,37090724.95,101760910,101460464.5,98050476.07,117853591.9,106600959.8,138983184.8,135285018.9,136655578.6,160551574.7,114103614.8,110884702.5,95353921.37,135062740.5,106511249,62229300.78,22338045,37081634.02,35565340.56,33510027.18,28118441.46,29980072.04,41725638.84,55576406.89,56736548.85,42170434.6,56198255.16,91752773.44,89682356.97,56576227.93,130469611,54232641.82,80717476.77,72900867.54,65130642.84,82226627.42,75607434.96,81209328.77,83592863.68,88887957.42,86396256.26,101578112.4,40311259.13,32278962.94,93272438.05,101289175,
"Congo, Dem. Rep.",COD,"Personal remittances, paid (current US$)",BM.TRF.PWKR.CD.DT,,,,,,,,,,,,,,,,,,,,,,,,,,,,,,,,,,,,,,,,,,,,,,32300000,31500000,26400000,37400000,30900000,57200000,812600000,669745991.9,920031731.8,450677740.6,851177411,450360618.5,532463104.9,913820460.8,1004481695,746031300.6,730580419,2048156988,1705322510,1273112290,
"Congo, Rep.",COG,"Personal remittances, paid (current US$)",BM.TRF.PWKR.CD.DT,,,,,,,,,,,,,,,,,,,9430289.268,18362024.31,39142452.24,22470714.57,23916160.58,30498651.5,34168148.04,34204910.28,38971324.92,53071746.83,55249618.53,40437820.43,55460715.7,52462380.53,53269500.45,45203713.08,23234673.81,27388646.92,38426168.73,34550382.38,34587572.88,45767483.72,36536329.84,31589063.57,34864291.64,39229159.82,49405168.46,66191458.44,80777048.42,58232420.58,53820622.8,64353440.85,69727971.07,54202810.59,51110911.83,56967040.75,67138243.82,67671191.45,401913167.8,,,48271835.42,48661711.34,78323890.73,,,,
Colombia,COL,"Personal remittances, paid (current US$)",BM.TRF.PWKR.CD.DT,,,,,,,,,,,13000000,13038740.16,15199939.73,14305560.11,14431679.73,16998100.28,19626840.59,21015359.88,16000000,20000000,39045898.44,53062198.64,35328319.55,48000000,72000000,98000000,31000000,32000000,14000000,17000000,44000000,105000000,79200000,84900000,145656797.6,149887650.5,140224314.5,112029278.9,151320537.8,246709450,219135624.6,204463328.5,157548258.7,64952909.2,50532704.17,56161403.61,65526905.96,95056912.52,88291702.77,124475460.9,151325691.9,222951900,246242647.2,277970422,399081655.6,333683053.2,258624567,291727376.4,312663936.1,348172705.5,254084912.5,385718084.4,449510119.2,433332717,406846513.5,
Comoros,COM,"Personal remittances, paid (current US$)",BM.TRF.PWKR.CD.DT,,,,,,,,,,,,,,,,,,,,,1519326.925,743387.2819,4771708.488,3994092.226,5119544.029,4908080.101,6785965.443,5922790.527,4263952.732,5231883.049,4433221.928,6366434.721,11035569.46,5360923.277,6047087.247,3504675.145,,,,,,,,211531.6625,316052.8095,399551.115,408351.5876,455741.6766,667084.6869,594296.4713,786611.6985,895331.0973,826399.5908,,981694.1795,1061490.514,920601.5079,1929145.874,4708655.668,4660667.553,1064186.842,2991508.171,4450271.138,5804303.173,,
Cabo Verde,CPV,"Personal remittances, paid (current US$)",BM.TRF.PWKR.CD.DT,,,,,,,,,,,,,,,,,,,,,,,,,,,1080542.684,1430881.262,2284386.158,1798325.777,1830323.569,3049644.066,4717897.7,3668562.511,2745972.789,5165683.553,3480262.691,5237470.039,412552.4387,473036.7786,479393.645,282770.0635,1521438.772,7190099.314,11977563.12,5170967.049,5718482.326,6022910.782,10007579.5,11724051.28,7962675.691,8626301.032,9824627.36,9847113.923,11394438.81,14207581.32,36460830.91,44233167.23,40252578.68,37197803.89,37059989.3,35347713.95,30236846.22,29802068.55,32428364.43,
Costa Rica,CRI,"Personal remittances, paid (current US$)",BM.TRF.PWKR.CD.DT,,,,,,,,,,,,,,,,,,,,,,500000,600000.0238,600000.0238,699999.9881,699999.9881,800000.0119,800000.0119,,,,,,,7100000,35500000,46020000,67180000,92950000,122453548.6,142395232.1,140491791.5,147801110.7,192016734,191548234.4,209029050,246343429.4,271414281.4,268618172,238598200,259382912,290543358.3,346035432.8,402604637,419222829.2,407784045.2,416129213.5,468504811.4,506693451.6,528443216,490881074.9,541463307.5,563226401.9,539689777.1,629372103.9,
Caribbean small states,CSS,"Personal remittances, paid (current US$)",BM.TRF.PWKR.CD.DT,,,,,,,,,,,550000.0119,354452.5802,416388.8991,816651.2847,438333.5412,12148509.74,34646682.36,55325001.12,69558334.72,60208334.92,95616666.73,105026666.9,117308332.7,122513889.8,140967593.9,112497544.9,105185186.7,107731481.2,114720281.6,105137909.6,82859258.88,87102324.17,74373667.04,80017242.77,74096082.55,79786984.21,98417592.69,91737037.09,99125925.88,112511383.8,128083877.2,134192418,186628856.2,199375641.5,219357151.1,323205826.2,330681641,377106015.3,362164000.4,357003291.2,424645133.2,691878094.6,789959673.2,751138204.6,810213966.2,902010232.3,1037100070,1143460457,1011021589,903112829.4,909972027.1,943214970.8,875993436.5,939365781.3,772163868.6,
Cuba,CUB,"Personal remittances, paid (current US$)",BM.TRF.PWKR.CD.DT,,,,,,,,,,,,,,,,,,,,,,,,,,,,,,,,,,,,,,,,,,,,,,,,,,,,,,,,,,,,,,,,,,
Curacao,CUW,"Personal remittances, paid (current US$)",BM.TRF.PWKR.CD.DT,,,,,,,,,,,,,,,,,,,,,,,,,,,,,,,,,,,,,,,,,,,,,,,,,,,,132882681.6,135195530.7,117022346.4,121039106.1,130206703.9,127391061.5,141776536.3,140578526.3,131553156.3,121684836.6,118750222.5,132052564.8,141668535,,
Cayman Islands,CYM,"Personal remittances, paid (current US$)",BM.TRF.PWKR.CD.DT,,,,,,,,,,,,,,,,,,,,,,,,,,,,,,,,,,,,,,,,,,,,,,,,,,,,,,,,,371197417.7,395035319.9,449068951.1,501070778.2,492000256.2,492085184.7,538825162.1,597668559.6,,
Cyprus,CYP,"Personal remittances, paid (current US$)",BM.TRF.PWKR.CD.DT,,,,,,,,,,,,,,,,,4141334.534,3430350.304,4551386.356,7053303.242,9063828.468,7355894.089,7783150.673,6645896.435,5608564.377,6203551.769,6947887.897,7275046.349,10929457.66,9704322.815,12006638.58,18302063.72,23801654.36,24527288.45,33726744.29,47522196.37,53612260.05,50593763.22,52141108.65,52491238.8,48199808.13,79289844.76,107041595.2,183919804.2,213442842.7,240674536.5,239604656.8,304677150.7,813997187.7,694826332.9,951993213.5,895418596.9,759751776.4,742261795.1,790206517.4,639401929.4,689854494.2,776521993.1,869951114.6,840805788,863632112,1007380782,979967014.2,1222898435,1301183063,
Czechia,CZE,"Personal remittances, paid (current US$)",BM.TRF.PWKR.CD.DT,,,,,,,,,,,,,,,,,,,,,,,,,,,,,,,,,,6249997.705,55021463.72,100448819.4,302117151.8,340025608.4,738860367.1,633766010,602866677.9,711113468.4,892550709.3,1099906218,799488099.9,1340706460,1677693601,2295809310,2586100789,2044602212,1496982253,1522137850,1334625944,1079198620,1523333419,1376392339,1658604748,3122683982,4243485591,4717191519,4396302693,5589221375,5689640348,5433842168,5114391975,
Germany,DEU,"Personal remittances, paid (current US$)",BM.TRF.PWKR.CD.DT,,,,,,,,,,,,2237634277,2722813721,3690343262,4016875000,4095520996,4173704102,4255071289,5183325684,5725612305,5818916016,4791845703,4480540527,4289452148,4038365234,3598019287,4636389160,5534590820,5871227051,5482565430,6542014537,6600992158,8222439487,8176367234,8870751241,10891204295,10518755115,9473507979,9108082671,10088645451,8662856855,9184539371,10126521387,11566286327,12607398368,13538924010,13345475359,14729861204,15849615395,14749251794,13905637576,14770721706,14006214473,14752678268,15386581505,13838775629,15369178335,12017886830,19534474783,19384946881,19378908218,21305170354,22241969839,22399221911,23662387575,
Djibouti,DJI,"Personal remittances, paid (current US$)",BM.TRF.PWKR.CD.DT,,,,,,,,,,,,,,,,,,,,,,,,,,,,,,,,,,,,,,365741.8088,1356058.091,1496728.018,1761187.479,1778067.87,1688039.117,4839045.47,4670241.558,4670241.558,4726509.529,4698375.544,5120385.323,5789974.173,11619335.93,12857231.28,12407087.51,,,,,,,,1688039.117,1130986.209,1980632.565,3831848.797,974595.3264,
Dominica,DMA,"Personal remittances, paid (current US$)",BM.TRF.PWKR.CD.DT,,,,,,,,,,,,,,,,,,,,,,,,,,,4370370.388,1962962.985,1814814.806,2099999.905,162962.963,200000,122222.2222,18518.51852,444444.4444,151851.8519,62962.96296,122222.2222,7407.407407,7407.407407,11111.11111,6666.666667,6233.333333,6296.296296,6629.62963,17034600.7,19720991.28,19544282.94,20428837.74,20549813.38,25800677.37,21857082.22,20510952.01,23594967.64,24816579.64,24805920.92,21161683.97,20317892.46,14322031,25718457.78,13328885.19,12361193.7,12217742.22,12187118.89,10057321.48,
Denmark,DNK,"Personal remittances, paid (current US$)",BM.TRF.PWKR.CD.DT,,,,,,,,,,,,,,,,,,,,,,,,,,,,,,,,,160463689,159680759.4,199781243.6,209079803.7,289415405.3,369750992.2,346425669.6,693794224.2,661957528.9,744817219.7,860117577.8,1029285318,1226177451,1511602741,1775307875,3053890215,4024581053,3390969584,2833342704,3148221908,2979397707,3058995226,3171598140,2781262009,2914430190,3140591942,3392801094,3362973683,3402494768,3723091817,3860479081,4417486883,4846027609,
Dominican Republic,DOM,"Personal remittances, paid (current US$)",BM.TRF.PWKR.CD.DT,,,,,,,,,,,,,,,,,,,,,,,,,,,,,,,,,,10200000,7400000,7000000,8900000,7600000,18500000,17800000,19300000,21700000,22500000,22900000,23900000,24700000,26600000,28200000,34500000,26900000,534000000,565500000,565200000,531100000,574800000,585000000,617100000,651400000,622700000,741100000,837300000,871800000,954500000,1060900000,1172500000,
Algeria,DZA,"Personal remittances, paid (current US$)",BM.TRF.PWKR.CD.DT,,,,,,,,,,,,,,,,,,83920974.73,112963012.7,130798111,164692703.2,149682266.2,126301345.8,156824249.3,141269714.4,130872345,101439361.6,82272422.79,53256538.39,38377834.32,31481969.04,22032304.12,,,,,,,,,,,,,,27000000,35000000,48863732.65,26782545.16,45702405.84,27971375.75,30901604.94,44242618.92,38715810.2,295922112.1,72128990.59,76633496.32,214378056.7,87006383.21,81545364.58,149253465.3,83113528.15,77927357.22,178814143.9,143040781,
East Asia & Pacific (excluding high income),EAP,"Personal remittances, paid (current US$)",BM.TRF.PWKR.CD.DT,,,,,,,,,,,,42016.4354,48828.0915,214453.9356,4712150.649,18192758.06,43411784.25,53271235.77,73234311.88,93737645.39,108253594.6,119863165.9,155028169,134708193.4,137879685.2,150898415.9,165307990.6,279558156.5,376555694.8,410172260.9,477723658.2,305774797.5,292340364.7,347110343.9,321567398.2,1687146878,1803119715,2396307691,3304387053,1230355307,1494433367,1712259963,5218160883,5299276510,8281579863,9231459169,9805728998,11153046300,12356818715,15395314686,17027968467,18625170251,19028170060,20019306502,24188813581,26478013780,27270099899,36853707093,39125196389,41492235112,39786409651,43739425196,46938669549,48349213247,51341828910,
Early-demographic dividend,EAR,"Personal remittances, paid (current US$)",BM.TRF.PWKR.CD.DT,,,,,,,,,,,334599899.3,587537658.6,646651661.6,935189091.5,1240011441,1692151619,2221502659,3947908025,5882335518,6874192771,7932838863,9615141356,10233290903,10324812543,9522172378,9084898329,8629239239,9028645970,10738640144,12888552507,15650237363,17713065048,18009671066,20093869457,22543267028,20380187966,19345496733,18985588761,19085406432,18221467257,20891450209,20738227435,21340214272,20917147537,21602374704,23268538762,26264839855,29024630454,38086143076,42534151454,46870404177,48894678879,53226903066,63795626179,63684733554,66024011757,64994110472,65465372281,64166621393,62119932845,62189002616,71674537731,79189914239,85174019665,88875325864,
East Asia & Pacific,EAS,"Personal remittances, paid (current US$)",BM.TRF.PWKR.CD.DT,,,,,,,,,,,66080009.46,84004090.72,175469924.9,271475074.1,327298767.1,340161996.3,351610346.8,492962863.3,613105634.6,711673497.5,840537884.9,950532382.1,1011748823,989538796,989252030.1,616597085.4,665429633.6,896060620.8,1307378525,2139769215,2454583258,3724628413,3798717569,3791817907,4040195592,6493892578,8957229536,9691410095,9261394406,8272881930,8947145435,9923062000,15625421372,15952453669,19364964944,20500719335,24539726907,28147560238,30760661712,32362587164,37411078631,41861490941,42506855191,42437945440,48509489988,48740581918,53060824699,65785157552,70532848915,71911145882,68939208276,70548236078,72414900311,82224635973,88458208852,
Europe & Central Asia (excluding high income),ECA,"Personal remittances, paid (current US$)",BM.TRF.PWKR.CD.DT,,,,,,,,,,,,,,,,,,,,,,,,,,,,,,,,,,5154000,30226000,37957000,123781000,154559000.1,154175338.2,241323624,318482753.3,500205880.2,748496641.7,1028893116,2098740489,3253252669,4525978346,6467745853,6854286874,6021226441,6571394870,7792506011,9174892086,10377592071,10863955081,8186501447,6748598663,6749867466,7019745761,7196184199,6847397461,8214249404,11165876283,8425566373,9814360365,
Europe & Central Asia,ECS,"Personal remittances, paid (current US$)",BM.TRF.PWKR.CD.DT,,,,,,,,,,,336637239.5,2662875263,3288680659,4495286789,4992641178,8249324673,8484338767,10337755133,13101163151,14972140412,16561984044,14918458969,14619917717,13932391189,13021925275,13218156887,17300676023,22992518262,25547462057,25952719296,30915321192,30976366133,34811957950,33718831429,33004308185,40603688217,39622446092,36588040601,37857925951,44057868279,42078065578,45767861819,48922136289,60269521517,73938592168,83975208093,98487328565,1.26548E+11,1.63797E+11,1.48644E+11,1.46454E+11,1.6682E+11,1.60567E+11,1.75719E+11,1.79425E+11,1.50946E+11,1.49945E+11,1.64252E+11,1.88181E+11,1.87951E+11,1.86133E+11,2.05883E+11,2.04501E+11,2.19703E+11,2.29312E+11,
Ecuador,ECU,"Personal remittances, paid (current US$)",BM.TRF.PWKR.CD.DT,,,,,,,,,,,,,,,,,23600000.38,24799999.24,11500000,43400001.53,66900001.53,66199996.95,125000000,86000000,122000000,114000000,167000000,147000000,188000000,175000000,2000000,3000000,3000000,3010000,5000000,4000000,9000000,4400000,5010000,5000000,6000000,6932673.063,7281253.067,6504694.173,6500000,54020037,62455627.1,83155618.16,65597443.58,95347865.85,135971152.5,148375073.5,154049108.5,167268211.1,195915063.6,291533662.2,302374307.7,371469504.8,467445307.5,654668980.3,518019671.5,603966053.5,636527721,707244212.2,633389383.2,
"Egypt, Arab Rep.",EGY,"Personal remittances, paid (current US$)",BM.TRF.PWKR.CD.DT,,,,,,,,,,,,,,,,,,,,,,,,,,,,,,33181819.92,26500000,33000000,233000000,140000000,255000000,223000000,142000000,344200000,108000000,38800000,32000000,34700000,14400000,79100000,12800000,57200000,135000000,179600000,241300000,254800000,304800000,292900000,292700000,354900000,351400000,622700000,352200000,270800000,514500000,471900000,444900000,442100000,395400000,358600000,340600000,
Euro area,EMU,"Personal remittances, paid (current US$)",BM.TRF.PWKR.CD.DT,,,,,,,,,,,311507774.4,2638756274,3261377173,4454100965,4957720335,8187690908,8399126667,8865042707,11098252464,12684123391,14035462238,12383182240,11589930592,10879475700,10211687766,10278883992,13008260774,15777664393,17446838376,17315566720,21109710235,20535366267,23970648776,23703531614,21612544677,26484737518,26090875322,24427220279,25467229940,27859495343,26759890046,28566926144,29384164026,35877317186,43125454700,46301362910,50969194789,62881440322,85863099953,84754635283,80035403324,87562735527,78806448894,84505911319,88475942727,76308155226,78787843299,78186366017,95479020894,93382910046,98621487210,1.09491E+11,1.10631E+11,1.20178E+11,1.27022E+11,
Eritrea,ERI,"Personal remittances, paid (current US$)",BM.TRF.PWKR.CD.DT,,,,,,,,,,,,,,,,,,,,,,,,,,,,,,,,,,,,,,,4198774.808,1265691.245,1309557.56,,,,,,,,,,,,,,,,,,,,,,,,,
Spain,ESP,"Personal remittances, paid (current US$)",BM.TRF.PWKR.CD.DT,,,,,,,,,,,,,,,,1717612.982,2945085.049,2655160.189,1246556.401,7489693.642,11255760.19,11797623.63,16502719.88,15740970.61,23020278.93,130917480.5,128680984.5,129935958.9,162415481.6,246620330.8,158846365,207192768.8,392980838.6,498084557.9,490554745.2,645759195.9,754788474.5,833185834.8,1017174928,549865012.6,621628224.5,573849904.5,533009750.9,539217663.9,704875626.5,732686895.9,794233195.9,897282075.8,748880878.8,557286247.6,470665747.3,496948975.8,407460971.8,353454937.7,402801005.3,368030578.6,304127565.4,362587684.8,439830631.9,448985346.9,352806789.3,265498707.2,415284093.2,594609807.5,588213669.4,
Estonia,EST,"Personal remittances, paid (current US$)",BM.TRF.PWKR.CD.DT,,,,,,,,,,,,,,,,,,,,,,,,,,,,,,,,,320204.4152,180915.5322,759945.3579,3489548.583,2192880.577,4576594.25,3152281.242,3358921.45,3038226.4,2237405.011,4758523.049,18539153.79,26462865.75,49189886.87,73830848.54,90856579.14,127905386.6,92426488.02,123279637.1,113541463.5,113164925,100292645.1,113887035.7,93682192.44,121850347.7,150958274.9,234337543,249205376.7,244632769.1,286176479.5,332424142.6,295464376.1,264609460.9,
Ethiopia,ETH,"Personal remittances, paid (current US$)",BM.TRF.PWKR.CD.DT,,,,,,,,,,,,,,,,,,2415458.918,917874.3958,676328.4802,579710.1259,676328.4802,289855.063,483091.8014,338164.2401,821256.0415,531400.9786,869565.1889,434782.5944,869565.1889,628019.3329,386473.43,736328.5024,420000,349158.6035,243603.5703,1084585.086,5237572.522,4259554.821,3449004.439,12556900.75,14023477.9,16578457.7,17266999.85,9223744.77,16399501.05,14131041.59,14567672.84,21303989.75,26549565.24,46967151.95,21832481.87,19882145.4,23077322.29,14253223.3,14437634.41,29869539.26,12461832.15,8689449.308,19080067.1,17079651.63,14213187.63,20498638.92,47118187.27,69266825.7,
European Union,EUU,"Personal remittances, paid (current US$)",BM.TRF.PWKR.CD.DT,,,,,,,,,,,336637239.5,2666068522,3292873787,4499896375,4996013582,8240569898,8474982151,8967418325,11166885383,12758875032,14118229580,12464121304,11727098439,11117547370,10447247687,10569079274,13346176546,16144789667,17932172116,17870105599,21372200894,20895308663,24450224072,24114832305,22243649447,27501347676,27446687126,25791786716,27300956317,29954446149,29207774188,31292896577,32409611581,39403438615,46980467111,51259807046,56933587231,71462192532,96442863147,93367923584,87718278973,95959864542,86912048280,93298968854,98575321185,86635137183,90960542665,95592443666,1.15748E+11,1.14549E+11,1.19143E+11,1.33856E+11,1.37289E+11,1.48516E+11,1.52586E+11,
Fragile and conflict affected situations,FCS,"Personal remittances, paid (current US$)",BM.TRF.PWKR.CD.DT,,,,,,,,,,,87000000,85400000.1,93279988.05,113940000.1,177649904.3,246278686.5,297612864.5,1487125781,1816062929,1956793058,2584898446,2968727403,3147079529,3133670488,2225719728,1846832541,1392443490,1293352398,1375746654,1434308774,1804274484,1771399457,1952289725,1647711185,1312851390,748971118.7,878322570,706730941.4,777631842.6,817500043.3,1269323554,1474003973,4159228615,5544268972,6089248690,6228498822,6854342450,6224462968,8694274938,10798487502,10710572396,9982230423,12042410352,15280876253,11557429595,10481607923,10022797467,9267160930,10300496973,10011609592,8715757663,7927051024,11861252273,12066357751,4536739904,
Finland,FIN,"Personal remittances, paid (current US$)",BM.TRF.PWKR.CD.DT,,,,,,,,,,,,,,,,6792973.042,8280723.572,11640783.31,13151628.49,13136022.57,14749095.92,12016345.02,12288872.72,12384394.65,11145952.22,12376421.93,6316862.106,7287922.382,9574397.087,5593505.383,15720900.31,58528759.85,34072172.08,35023238.57,41520258.92,54089789.44,54874346.98,88702318.17,103769670.4,110903252.2,99716150.08,96710854.53,113506988.6,149160400,224874522.1,266225943.9,778516788.5,931484217.8,1098056814,1105188680,1410589440,1564582341,1508327385,1462129474,1414074116,1277175964,1245105872,1395169196,1450580772,1412658205,1388273932,1492796218,1479117310,1528335742,1573915937,
Fiji,FJI,"Personal remittances, paid (current US$)",BM.TRF.PWKR.CD.DT,,,,,,,,,,,,,,,,,,,,9883418.083,10342744.83,12321170.81,8150582.314,8672392.845,8220974.922,11009452.82,14123473.17,13667151.45,12165634.16,21101123.81,21540834.43,25278581.62,22089290.62,23284851.07,28412874.22,29509363.17,40048458.1,36365524.29,37597831.73,40413784.03,2219278.634,3814692.529,3892612.937,3827913.091,16142844.74,7870360.778,9759800.797,9142800.852,12870527.15,7158571.442,9631117.096,10533776.77,8225967.421,8469046.511,10660484.37,9666037.82,13015472.77,14917363.23,15730151.27,11256018.11,7445206.26,12191943.49,13569840.5,15063271.95,13134508.27,
France,FRA,"Personal remittances, paid (current US$)",BM.TRF.PWKR.CD.DT,,,,,,,,,,,,,,,,2506303955,2526193604,2768169189,3671261963,4372491699,5070108398,4668909668,4341056641,4114147949,3839024902,4172761719,5141358398,5759801270,6387636230,5568719727,6773122237,6891364594,7978348004,7284907935,4148438984,4794655249,4319043066,3991027127,4236760893,4816444916,5120657542,5384609627,6134107943,7721669640,9094683583,9470052385,10285441104,11945214338,13269362770,11766845175,12026060392,12857522696,12561160243,14222576352,16866352082,14600396912,14430722882,13656480311,15955305069,15316416481,14526389992,18953440927,18405718079,19608254421,19687372016,
Faroe Islands,FRO,"Personal remittances, paid (current US$)",BM.TRF.PWKR.CD.DT,,,,,,,,,,,,,,,,,,,,,,,,,,,,,,,,,,,,,,,6920000,6150000,5740000,13410000,9640000,5110000,5334267.355,18335386.56,23417696.47,33371205.65,41017650.55,31363117.66,31029077.16,34404214.83,,,,,,,,,,,,,,
"Micronesia, Fed. Sts.",FSM,"Personal remittances, paid (current US$)",BM.TRF.PWKR.CD.DT,,,,,,,,,,,,,,,,,,,,,,,,,,,,,,,,,,,,,,,,,,,,,,,,,,15247400,16560900,17020700,17913900,16452600,17330800,,,,,,,,,,,
Gabon,GAB,"Personal remittances, paid (current US$)",BM.TRF.PWKR.CD.DT,,,,,,,,,,,,,,,,,,,69973808.29,141358444.2,143553878.8,83575164.79,78817733.76,92136260.99,88956192.02,104192878.7,165114135.7,146404815.7,153433853.1,128585998.5,147319821.6,117331405.1,145829980,196353628.7,156338735.4,99226998.28,113292395,104156570.3,89190341.09,84706957.17,77579832.34,95900828.29,96449265.07,115156510.4,110298458.3,185594146.9,,154763490.2,277656410.8,253478346,159042306.8,239379342.2,355744067.7,250455409.7,280695394,121711150.5,,,,,,,,,,
United Kingdom,GBR,"Personal remittances, paid (current US$)",BM.TRF.PWKR.CD.DT,,,,,,,,,,,,,,,,,,,,,,,,,,,,1580819824,1624140381,1737755127,1171509949,1090311675,1056599124,837831250.7,1306238894,1865982454,1277046627,1512520008,1408536572,5111709044,5366131133,5462692455,5996404559,6990702303,8930419145,9643117679,10645651381,11596568483,11211837188,9274761990,9565109385,9931101010,10077435197,10528125662,11572710616,10707262597,10190899107,9803750898,10410041124,10360300797,9382380085,10273648447,10917818777,11570032006,12271093646,
Georgia,GEO,"Personal remittances, paid (current US$)",BM.TRF.PWKR.CD.DT,,,,,,,,,,,,,,,,,,,,,,,,,,,,,,,,,,,,,,5800000,4500000,39400000,21019632.39,19835373.23,18911615.19,22164542.57,23869313.99,27107352.43,26741267.59,31699143.19,50979899.57,33609069.11,55132165.64,76800463.59,86732443.05,87714487.75,86131110.08,95862423.06,100492400.1,122154261.9,151149586.7,169883742.1,76894985.62,106326823.8,290325550.4,324455252.6,312756323,
Ghana,GHA,"Personal remittances, paid (current US$)",BM.TRF.PWKR.CD.DT,,,,,,,,,,,,,,,,,,,,15681960.11,9399999.619,9899999.619,6199999.809,12500000,13899999.62,10899999.62,3599999.905,3200000.048,3299999.952,3500000,3400000,3700000,3900000,3900000,4600000,4799400,5000000,5400000,5600000,5900000,6089512.907,6399200,,,,,,,,,,,7990000,4840000,8942031.672,2607106387,1548909688,1112210000,956248076.2,667262506.3,727201189.6,793758532.5,740779190.5,1037012357,751038880.6,
Gibraltar,GIB,"Personal remittances, paid (current US$)",BM.TRF.PWKR.CD.DT,,,,,,,,,,,,,,,,,,,,,,,,,,,,,,,,,,,,,,,,,,,,,,,,,,,,,,,,,,,,,,,,,,
Guinea,GIN,"Personal remittances, paid (current US$)",BM.TRF.PWKR.CD.DT,,,,,,,,,,,,,,,,,,,,,,,,,,,11750000,11720000.27,19729999.54,18329999.92,20400000,20940000,21570000,19920000,22240000,10430000,11261000,14400000,22930000,17927620,26910849.5,36833045.67,17810000,46376410.98,47950000,59860000,51600000,38960000,55510000,44870000,40980000,38810000,50720000,80680000,35857981.15,25699500.51,33870677.12,27780000,22890000,82690000,22620000,43550000,134925700,89470000,224970000,
"Gambia, The",GMB,"Personal remittances, paid (current US$)",BM.TRF.PWKR.CD.DT,,,,,,,,,,,,,,,,,,,2536263.704,2631835.699,2328187.704,2024539.948,1720892.072,1292364.478,,,,,,,,,,,,,,,,,,,,526103.4898,522143.0732,742945.8638,946706.3473,14640731.87,3185323.547,8412067.919,58119088.2,91362708.72,66136002.3,69585194.36,25235850.13,20477127.06,17797429.19,18174365.27,19006746.07,18925942.95,18308188.55,26836811.34,21148937.06,34897367.47,9775889.968,
Guinea-Bissau,GNB,"Personal remittances, paid (current US$)",BM.TRF.PWKR.CD.DT,,,,,,,,,,,,,,,,,,,,,,,18600000.38,12600000.38,5500000,4000000,11500000,11600000.38,9899999.619,15750000,11620000,20010000,14960000,14820000,13240000,3410000,3696594.477,3983188.629,4269783.02,4556377.411,4842971.802,5129566.193,5416160.532,6488296.565,5373995.144,5351981.989,4322131.856,4330027.104,16750187.02,20190171.03,19650119.02,29957650.23,24964980.51,34545175.91,36523915.58,38406676.67,39780250.81,48288166.84,56715457.49,98051579.01,78641175.51,89262870.8,78747312.35,84828092.71,84677703.01,
Equatorial Guinea,GNQ,"Personal remittances, paid (current US$)",BM.TRF.PWKR.CD.DT,,,,,,,,,,,,,,,,,,,,,,,,,,,,,,,,,,,331409.3008,,,,,,,,,,,,,,,,,,,,,,,,,,,,,,,
Greece,GRC,"Personal remittances, paid (current US$)",BM.TRF.PWKR.CD.DT,,,,,,,,,,,,,,,,,45000000,55000000,55000000,59000000,59000000,65000000,64000000,77000000,58000000,45000000,60000000,77000000,95000000,118000000,122000000,118000000,173000000,250000000,222000000,300000000,319000000,342000000,0,630571333.6,545099711.9,536152678.5,411733893.8,379474780.3,496954583.8,902051036,982316113,1459483045,1912066620,1844438806,1931819013,1941807064,1437386209,1291061265,1424499197,1870201142,1800318876,2083354727,2287128999,2666198439,2725263244,2937563888,2937323543,2983148777,3166102430,
Grenada,GRD,"Personal remittances, paid (current US$)",BM.TRF.PWKR.CD.DT,,,,,,,,,,,,,,,,,,,,,2599999.905,5199999.809,5099999.905,4300000.191,5162962.914,6025926.113,6888888.836,7296296.12,7518518.448,111111.1119,25925.92593,22222.22222,18518.51852,18518.51852,18518.51852,25925.92593,,822222.2222,892592.5926,940740.7407,1214814.815,1214814.815,1214814.815,1214814.815,1214814.815,26056915.16,26736259.04,32032317.22,37104023.35,35945329.11,36089233.05,37982149.46,39391619.24,41539921.76,43759149.7,47650085.51,47840931.26,52198995.46,54506715.37,55659995.93,49669769.26,50335138.52,51691057.41,50866235.56,51846078.15,
Greenland,GRL,"Personal remittances, paid (current US$)",BM.TRF.PWKR.CD.DT,,,,,,,,,,,,,,,,,,,,,,,,,,,,,,,,,,,,,,,,,,,,,,,,,,,,,,,,,,,,,,,,,,
Guatemala,GTM,"Personal remittances, paid (current US$)",BM.TRF.PWKR.CD.DT,,,,,,,,,,,,,,,,,,8000000,7199999.809,8100000.381,11399999.62,7099999.905,3200000.048,3200000.048,7199999.809,6000000,6000000,7500000,5500000,9300000.191,13500000,19200000,19700000,8600000,10600000,7800000,12700000,20500000,33300000,26900000,55600000,32488093.31,81922957.21,86086000,33700000,42100000,45500000,16900000,26473340,21976600,20762470,26790600,27905200,27745530,26125590,22906100,18786480,18333870,18910290,18007690,18664570,19967930,23852430,28297060,34242900,
Guam,GUM,"Personal remittances, paid (current US$)",BM.TRF.PWKR.CD.DT,,,,,,,,,,,,,,,,,,,,,,,,,,,,,,,,,,,,,,,,,,,,,,,,,,,,,,,,,,,,,,,,,,
Guyana,GUY,"Personal remittances, paid (current US$)",BM.TRF.PWKR.CD.DT,,,,,,,,,,,,,,,,,,,,,,426666.677,,,,,,,,,,,2720000,9050000,8550000,8970000,23300000,17900000,21600000,27200000,27400000,24100000,53100000,50400000,80627000,54806000,48429000,61144000,72154442.74,85624875.03,128119878.6,138270000,183688021.2,122837355.3,122229530.3,131992083.3,151564738.6,139331508.2,142391133.7,149060525.5,130319223.2,196704925.7,169184475.6,181335058.7,,
High income,HIC,"Personal remittances, paid (current US$)",BM.TRF.PWKR.CD.DT,,,,,,,,,,,1064267249,3668658365,4412519745,5879168898,6637234341,10499153722,11311656187,14335303893,18855869895,21778313674,24388153457,27630013998,28480964569,28092250581,28022280864,28533046925,34619539336,40750003190,45528709014,50140261894,60208321060,65981778417,72685795978,76090834943,80473288048,89473971808,91287492306,90272652327,92607999934,1.05206E+11,1.06282E+11,1.14016E+11,1.21618E+11,1.33568E+11,1.50014E+11,1.64641E+11,1.88082E+11,2.28118E+11,2.78295E+11,2.63803E+11,2.66523E+11,3.04236E+11,3.03037E+11,3.29121E+11,3.40869E+11,3.15721E+11,3.20926E+11,3.38571E+11,3.66615E+11,3.72239E+11,3.61375E+11,3.93662E+11,4.06586E+11,4.38994E+11,4.63371E+11,
"Hong Kong SAR, China",HKG,"Personal remittances, paid (current US$)",BM.TRF.PWKR.CD.DT,,,,,,,,,,,,,,,,,,,,,,,,,,,,,,,,,,,,,,,175202272.3,167069717.5,225384932.7,308510999.7,298887656.5,317206835.8,320620656.1,348086664.4,376550918.4,387625008.9,393106655.3,413326243.8,482936786.2,554344973.7,607118505.2,656398055.2,711498699.1,758670560.6,816526002.6,875473343.8,933973045.8,997216059.3,908545967.4,905015571,901370910.1,966748038.7,1087260114,
Honduras,HND,"Personal remittances, paid (current US$)",BM.TRF.PWKR.CD.DT,,,,,,,,,,,,,,,,,,,,,,,,,,,,,,,,,,,,,8100000,9500000,500000,600000,9400000,11500000,10900000,12004818.71,16634547,483545.7722,2121696.767,2487220,36950000,27187940.39,27285337.55,32975283.77,36431743.42,40938147.39,42100000,41100000,41100000,261148690.3,288137023,329933337.2,291710443.5,343863185.3,338519060.9,339201014.5,346096593,
Heavily indebted poor countries (HIPC),HPC,"Personal remittances, paid (current US$)",BM.TRF.PWKR.CD.DT,,,,,,,,,,,,5400000.095,3279988.05,7940000.057,97286626.11,393371823.3,509435947.1,610664138.5,851763713.6,1209196248,1536069625,1183308824,1061603674,1035450622,943112149.6,968346006.6,1274828960,1349685726,1313196936,1125176169,1184989540,1148112628,1203277973,1092413192,833772927.9,829682522.1,931925386.7,962093220.1,974050004.8,1260401816,1347597978,1278051004,1496566370,1541239762,1594752312,1749465457,1923692100,2177658921,2740534531,3389954907,4021905059,4631107979,4881458800,5515231576,5095570452,7541124337,6452893092,6335777921,7219876247,6877179655,6742277437,6922766119,9140823949,9370825252,8642415517,
Croatia,HRV,"Personal remittances, paid (current US$)",BM.TRF.PWKR.CD.DT,,,,,,,,,,,,,,,,,,,,,,,,,,,,,,,,,,,,,14678982.04,37422012.7,35479433.54,43294100.49,64996306.21,70878588.59,87132886.65,109470730.8,116977781,197045573.2,262222957,345284588.7,392883995.4,350236765.7,332843888.3,363441737.2,247440156.4,267520779.6,297766316.3,274057132.6,276588135.2,358823848.5,454431958.3,567530149.6,636431618.1,781830977.1,937682353.2,1290461558,1966100773,
Haiti,HTI,"Personal remittances, paid (current US$)",BM.TRF.PWKR.CD.DT,,,,,,,,,,,,5400000.095,3279988.05,7940000.057,10399991.04,39380001.07,44840000.15,44099998.47,47279998.78,50680000.31,54340000.15,61840000.15,47340000.15,43479999.54,45000000,47240001.68,53400001.53,56919998.17,60680000.31,63459999.08,,,,,,,,,,,11000000,19340000,22000000,31350000,38520000,59686000,75515000,96408000,117080211.7,134824003.8,166978561.7,240237393.5,231924077.2,247694320.7,248597074.4,247297661.3,266340122.3,297710340.4,309403439.1,284975298.6,549483207.2,678498745.9,725386292.4,677234284.4,770001370.6,
Hungary,HUN,"Personal remittances, paid (current US$)",BM.TRF.PWKR.CD.DT,,,,,,,,,,,,,,,,,,,,,,,,,,,,,,,,,,,,125795058,79687942.91,72976531.1,59806975.39,80264886.42,301289544.4,314975099.9,391634248.2,483626364.3,581761711.5,697440225.3,797907342.1,999774697.2,959015086.8,785591829,687927213.7,688517320.9,643493594,684010468.1,667640135.4,536900622,580163914.4,673858022.2,812603150.3,1019271488,930288532.1,992001955.5,1074581931,1365372069,1204209377,
IBRD only,IBD,"Personal remittances, paid (current US$)",BM.TRF.PWKR.CD.DT,,,,,,,,,,,249599899.3,296861066.9,294714313.5,438144946.1,580590981.5,862643775,930684012.4,1134463662,1420375795,1511150627,2048282421,1981627343,1896390084,1919384448,1855456932,1761085713,1921570395,2009225600,2087664158,2151888468,2251540937,1810842452,1959336744,2239352440,2607814535,2919136494,2911194761,2972680534,2840600154,3359982139,4328863644,4730850084,7991398347,10694525042,13697030714,14863285151,17410174019,19700383786,24353549696,27430498519,28444751097,30640660065,35921101577,39711560566,44088089192,40070683062,40624732389,54063578018,55844407063,58278515807,55611736370,62739480473,69521694225,71749956280,72288103947,
IDA & IBRD total,IBT,"Personal remittances, paid (current US$)",BM.TRF.PWKR.CD.DT,,,,,,,,,,,337149899.3,382657536,388459518.6,553116051.4,819028091.8,1422582344,1666793006,3130268087,3984046948,4518176966,5955759840,5980056500,6000806657,5923910964,4899409044,4336737106,4270342581,4432599633,4568961324,4578762104,5099609858,4570882803,4955071501,4911762083,5152881814,6700140536,7145573331,7748698559,8456001316,6496040998,8249964243,9858099175,17142254500,20400434125,27920506842,33017730241,41815142161,54239583112,71297568989,65959103277,71292528359,79040119522,91664832730,1.04713E+11,1.0368E+11,89673828346,85635752094,1.05223E+11,1.12512E+11,1.16047E+11,1.0457E+11,1.12709E+11,1.16071E+11,1.23461E+11,1.18657E+11,
IDA total,IDA,"Personal remittances, paid (current US$)",BM.TRF.PWKR.CD.DT,,,,,,,,,,,,5442016.53,3328816.142,8154453.993,97428899.14,399194822.8,552060459.3,901495616.2,1224949096,1754566994,2277342039,1888289515,1722175250,1643284512,1453221663,1386824522,1570037055,1518314149,1501665973,1297163878,1433587623,1445669848,1474576327,1334783472,1087665056,1188375699,1332105094,1349733654,1374316371,1603608764,1661236336,1800138392,2148789701,2331837294,2754275266,3216571572,3835151889,4559175305,5567549332,6203731779,7385529474,8089510945,8585988639,10021769186,9970473361,12701725527,11069174371,10636253125,11477175159,11086128490,10614191185,10359526849,13790644648,13180210362,12499846242,
IDA blend,IDB,"Personal remittances, paid (current US$)",BM.TRF.PWKR.CD.DT,,,,,,,,,,,,,,,,197495248.3,337552869.5,653998544.9,868083386.1,1234097166,1666704913,1331891769,1156919032,1066334234,927307126.9,858723368.3,880893317,845733268.5,907239828.2,714434777.2,756008929,732174506.3,772530001.3,663878379.9,530181222.9,588701385.7,680549648.5,687425570.5,723797284.6,682556804.9,510460738.8,529440677.2,803448039,943693362.5,936648875.7,1241330312,1441923374,1665545816,1955097166,1994778749,1837447381,2162139944,2132003274,2341930217,2382705082,2897711686,2891619908,2378291836,2158203662,2077248840,2104127654,2508680383,3129253107,3518916992,3846000638,
Indonesia,IDN,"Personal remittances, paid (current US$)",BM.TRF.PWKR.CD.DT,,,,,,,,,,,,,,,,,,,,,,,,,,,,,,,,,,,,,,,,,,,,,913221515.6,1178915745,1359066196,1654250000,1971467530,2701592136,2839937799,3163740018,3633613325,3951108963,4119081644,4605139443,5150593775,5177356262,5148052051,5070875384,4546939546,4343383214,7947567826,9780345275,11128256369,
IDA only,IDX,"Personal remittances, paid (current US$)",BM.TRF.PWKR.CD.DT,,,,,,,,,,,,5442016.53,3328816.142,8154453.993,97428899.14,201699574.5,214507589.8,247497071.4,356865710.4,520469827.8,610637125.9,556397745.7,565256218.2,576950278,525914536.3,528101153.6,689143738.5,672580880.3,594426144.5,582729100.8,677578693.8,713495341.3,702046325.8,670905091.7,557483833.5,599674313.6,651555445.6,662308083.7,650519085.9,921051958.7,1150775597,1270697715,1345341662,1388143931,1817626390,1975241260,2393228515,2893629489,3612452166,4208953030,5548082093,5927371001,6453985365,7679838969,7587768279,9804013841,8177554463,8257961289,9318971497,9008879650,8510063531,7850846466,10661391542,9661293370,8653845604,
Isle of Man,IMN,"Personal remittances, paid (current US$)",BM.TRF.PWKR.CD.DT,,,,,,,,,,,,,,,,,,,,,,,,,,,,,,,,,,,,,,,,,,,,,,,,,,,,,,,,,,,,,,,,,,
India,IND,"Personal remittances, paid (current US$)",BM.TRF.PWKR.CD.DT,,,,,,,,,,,,,,,,,9138853.073,11641249.66,57404830.93,10211729.05,29241802.22,15402512.55,13516844.75,39727378.85,27499765.4,30896383.29,42055763.24,65468292.24,93125846.86,98650077.82,105592307.8,51584170.43,67776932.45,259423927.2,350832857.5,419173566.7,537989269.7,161582930.3,44157098.01,36167394.58,486141918.9,751084697.3,1186800148,1265419810,1652783174,1348282858,1561865362,2059330846,3812363581,2889988305,3828678498,4077745356,4963082154,6431771261,6221785953,4882832496,5622636935,6958929628,6781570847,7531590150,7010825359,8181397793,10088812317,12359065330,12072300700,
Not classified,INX,"Personal remittances, paid (current US$)",BM.TRF.PWKR.CD.DT,,,,,,,,,,,,,,,,,,,,,,,,,,,,,,,,,,,,,,,,,,,,,,,,,,,,,,,,,,,,,,,,,,
Ireland,IRL,"Personal remittances, paid (current US$)",BM.TRF.PWKR.CD.DT,,,,,,,,,,,,,,,,,,,,,,,,,87452072.14,61831905.36,92841346.74,195164474.5,152347991.9,127232048,165348129.3,167839157.1,177219314.6,159769455,161722656.3,173176376.3,179248428.3,169957229.6,166191528.3,120483360.3,180892623.9,273767791.7,587765564,787950378.4,997123779.3,1440042290,1853312505,2519896789,2672746705,2550787027,2266001455,2194956464,954420592.6,1940376867,1973319813,1571260600,1560607324,1621118022,2289104123,756609825.5,2135083229,2112665543,2400590814,2761798459,2689700000,
"Iran, Islamic Rep.",IRN,"Personal remittances, paid (current US$)",BM.TRF.PWKR.CD.DT,,,,,,,,,,,,,,,,,,,,,,,,,,,,,,,,,,,,,,,,,,,,,,,,,,,,,,,,,,,,,,,,,,
Iraq,IRQ,"Personal remittances, paid (current US$)",BM.TRF.PWKR.CD.DT,,,,,,,,,,,,,,,,,,,,,,,,,,,,,,,,,,,,,,,,,,,,,,82500000,781300000,17300000,31400000,26700000,48400000,78000000,548000000,484000000,599300000,539300000,349600000,396200000,499700000,664300000,580700000,852400000,633000000,867400000,735700000,
Iceland,ISL,"Personal remittances, paid (current US$)",BM.TRF.PWKR.CD.DT,,,,,,,,,,,,,,,,,,900000,1800000,1900000,2000000,1800000,2400000,1700000,1400000,1200000,2200000,4600000,7800000,9000000,11713797.06,14966202,12560952.43,10409042.53,7365355.907,21258501.6,15566966.39,19908502.21,16114051.12,13944927.5,23395768.89,14299693.1,20675058.81,19336937.51,28352889.12,136198503.1,209364924,375700442.9,264080873.7,80737072.44,74562371.74,85919236.2,90299285.54,97108688.53,102734904.1,139136974.3,246667889.4,500908460.1,533018197.1,448688542.7,322048165.3,375515540,456959477.4,568699167.1,644142774.1,
Israel,ISR,"Personal remittances, paid (current US$)",BM.TRF.PWKR.CD.DT,,,,,,,,,,,11000000,11000000,6000000,6000000,9000000,20000000,14000000,8000000,18000000,15000000,31000000,38100000,452600000,511500000,499100000,410100000,552800000,751300000,749000000,731000000,850000000,795000000,1116700000,907600000,919200000,480800000,484300000,675700000,1057500000,1110700000,1033600000,461100000,296000000,343700000,336100000,412700000,476000000,680300000,896400000,816000000,994500000,1173700000,1185600000,1636600000,1750600000,1799300000,1927500000,2549400000,2464100000,2556900000,2196400000,2940700000,3600600000,2727600000,1373100000,
Italy,ITA,"Personal remittances, paid (current US$)",BM.TRF.PWKR.CD.DT,,,,,,,,,,,105599998.5,108243904.1,126869934.1,175003219.6,198391204.8,247421447.8,208277267.5,242560730,304236908,350365570.1,427576019.3,446069335.9,517390380.9,502223754.9,499334411.6,605836547.9,795286804.2,1287891724,1924740234,2700931641,3668683915,2574479989,2444044325,2297129121,2113071417,1689112684,1975768211,2028259000,2262866024,1920713139,1945137504,1897127489,2062457960,2513531860,2688635651,2587678870,2463936257,2870256849,14445399896,14402098597,12882879136,14509942723,11821288114,11565682552,11135811956,8860397467,8677587199,8841573148,9906851588,9577332781,10194686591,12102994290,11587287040,12226625081,12361405831,
Jamaica,JAM,"Personal remittances, paid (current US$)",BM.TRF.PWKR.CD.DT,,,,,,,,,,,,,,,,,40900001.53,34900001.53,34599998.47,37799999.24,35200000.76,35000000,32200000.76,36500000,38900001.53,57799999.24,41500000,40200000.76,23200000.76,24100000.38,10800000,11200000,11500000,13700000,32100000,50100000,70100000,83600000,105100000,119500000,152000000,179400000,242300000,322200000,390894011.1,368741514.4,357926850.1,396182577.6,364617028.7,268997711.4,279309926.9,305485140.4,333540513.2,297425707.5,275081798.3,287140244.5,298112484.9,313969243.5,309110662.7,324882512,306275537.9,346664665.4,363448201.4,344458793.9,312990456.3,
Jordan,JOR,"Personal remittances, paid (current US$)",BM.TRF.PWKR.CD.DT,,,,,,,,,,,,,,,,,20482955.93,45614696.5,65464447.02,79917823.79,154422592.2,157463592.5,176992584.2,200530715.9,253816772.5,235973663.3,246961517.3,184380325.3,154724105.8,91060104.37,70515837.57,61105331.17,86057651.38,78073089.42,93023018.9,107062199.9,99858956.28,200000000,207052186.2,203949224.3,197461213,193234922.6,193935169,226939351.2,272073342.7,349224259.5,401551481,479266734.7,471779167.7,502253521.1,605211267.6,549859154.9,684788732.4,534929577.5,675211267.6,596760563.4,570000000,672816901.4,637183098.6,574788732.4,393098591.5,531971831,522253521.1,543521126.8,576901408.5,
Japan,JPN,"Personal remittances, paid (current US$)",BM.TRF.PWKR.CD.DT,,,,,,,,,,,,,,,,,,130000000,160000000,200000000,220000000,240000000,330000000,320000000,290000000,,,,,,,1298408203,1371243774,1574901367,1582775146,1820253784,3035564721,3118271084,2913909321,3032998092,2530781278,2345078421,2678810110,1504285472,1212182603,1149537317,3332164589,3639371943,4548088347,3932046367,4365714733,4536170392,4042571071,2872330560,4214761758,4000341421,5066869685,5282863264,6150517743,6827885453,8245330486,6133593630,4529698513,5935032314,6071789021,
Kazakhstan,KAZ,"Personal remittances, paid (current US$)",BM.TRF.PWKR.CD.DT,,,,,,,,,,,,,,,,,,,,,,,,,,,,,,,,,,,,6600000,19200000,24100000,35900000,60500000,121441940,203146500,364817563.1,650850447,1219483643,1893131775,2958485460,4212277482,3461671985,2934061284,3005774880,3409435907,3432439705,3386493735,3457352394,3181475768,2396148204,2690697275,2680081028,2660169694,2175506673,2591298520,2754164514,2808548036,2696742659,
Kenya,KEN,"Personal remittances, paid (current US$)",BM.TRF.PWKR.CD.DT,,,,,,,,,,,,,,,,5719583.035,17449199.68,12807251.93,22770250.32,18460775.38,13476748.47,13484390.26,10895115.85,11418684.01,6799004.555,5537935.257,6656090.26,9116051.674,7663223.743,2916519.403,6371437.341,3439016.233,6983926.622,,7136412.071,8749785.306,8754288.142,45864899.24,70600678.85,26039933.42,,5091442.628,5714347.998,6584529.538,34022964.82,56408976.7,25399012.36,16364507.59,64495401.13,60803848.02,19103878.46,25857336.91,14509118.4,16198367.01,170953254,35050867.92,17907896.66,20214354.79,10730012.94,2563928.552,8394378.967,8973960.16,11426138.36,39864778.34,4935594.893,
Kyrgyz Republic,KGZ,"Personal remittances, paid (current US$)",BM.TRF.PWKR.CD.DT,,,,,,,,,,,,,,,,,,,,,,,,,,,,,,,,,,1654000,3706000,9817000,7780000,14000000,15311636.18,11888972,11170043.84,13344072.8,14369923.28,18427293.36,29582512.39,53275426.02,68113502.61,90495432.38,100559428.3,107496106.5,167720003.6,227621484.5,285908187.8,389512595.9,453942296,362554963,377876057.5,476119256,560492155.3,573920041.4,505591108.5,584525311.9,1223920041,,,
Cambodia,KHM,"Personal remittances, paid (current US$)",BM.TRF.PWKR.CD.DT,,,,,,,,,,,,,,,,,,,,,,,,,,,,,,,,,14100000,14900000,38400000,52000000,77200000,38800000,41900000,54202170,59617900,52346450,69656040,56198080,56246790,128490500,120240500,118396500,170627500,159287131.9,163000010,192436819.1,265124288.4,297255644.8,359610112.1,314340835.2,356857492,324477386,309802626.8,279024939.9,226459074.7,259244148.8,302336225.9,430153652.2,375772691.4,
Kiribati,KIR,"Personal remittances, paid (current US$)",BM.TRF.PWKR.CD.DT,,,,,,,,,,,,,,,,,,,,4876816.75,2732724.667,1723712.802,1724377.871,1531510.83,1491857.29,1047562.838,1336921.453,1190326.095,1484481.335,1423378.706,1327029.509,1557928.656,1615688.828,1224023.501,731127.3191,,,,,,,,,,,,92348.25962,545132.7702,634659.1661,556991.4562,1030968.417,1200629.113,1216064.729,1284359.112,1250194.732,1027820.66,1035283.885,1071188.736,1079297.75,1029772.431,1056088.028,1198951.33,1612317.121,1542579.765,1055952.75,
St. Kitts and Nevis,KNA,"Personal remittances, paid (current US$)",BM.TRF.PWKR.CD.DT,,,,,,,,,,,,,,,,,,,,,1700000.048,2000000,500000,588888.8836,629629.612,1048148.155,1925925.97,2177777.767,2403703.69,7644444.466,6348148.148,,,4003703.704,2574074.074,911111.1111,1677777.778,2518518.519,3166666.667,2333333.333,7292592.593,8033333.333,7761377.778,7321751.852,7671122.222,9562997.579,8658340.485,9698846.699,10750563.88,9993318.129,10037685.85,11989084.65,12230992.45,14793350.5,16007746.3,19657404.44,24507970.37,27522306.67,24186570,25297852.22,22009007.04,20099498.89,25947957.04,25341408.52,27690991.85,
"Korea, Rep.",KOR,"Personal remittances, paid (current US$)",BM.TRF.PWKR.CD.DT,,,,,,,,,,,,,,,,,1000000,2000000,3000000,4000000,57700000.76,33299999.24,26799999.24,21399999.62,36599998.47,27000000,36500000,33900001.53,154800003.1,821400024.4,1008900000,1247900000,1366700000,1137400000,1299100000,1989100000,2785400000,2722300000,1634700000,2502400000,3640400000,4486500000,5862200000,6806100000,6930900000,6898800000,7462800000,8019300000,7884600000,7491900000,9544200000,9979800000,9756100000,9402600000,9977600000,8719500000,10784300000,12888000000,13530600000,11231600000,9684000000,10338900000,8568600000,9705200000,10228700000,
Kuwait,KWT,"Personal remittances, paid (current US$)",BM.TRF.PWKR.CD.DT,,,,,,,,,,,,,,,,275831329.3,314651031.5,369897338.9,432644287.1,531903198.2,691830505.4,688701965.3,875270507.8,864563232.4,962636474.6,1044045288,1083984131,1101688110,1179087891,1283275757,769617444.7,425653800,828721745,1229133716,1330547313,1353670917,1376046147,1374655024,1611126869,1731191226,1734302377,1784912694,1925543132,2143876846,2404479131,2647602740,3183238048,9763770985,10322571366,11749212892,11864003973,13012206030,15459199374,17711480681,18128476350,15202536401,15287570250,13760108803,14346861711,18855161641,17357178323,18468103780,17744092399,12679515247,14168984683,
Latin America & Caribbean (excluding high income),LAC,"Personal remittances, paid (current US$)",BM.TRF.PWKR.CD.DT,,,,,,,,,,,13000000,18438740.26,18479927.78,22245560.17,24831670.77,164378101.4,240666842.7,283075359.6,324359996.3,262100002.5,441505900.4,452982195.6,469768320.6,288129999.8,353342964.5,401605927.4,398283123.9,369587776.8,433074448,459837037.7,284133603.3,395104020.5,393299556.5,600922906.8,740727135.5,807356382.5,913836924.5,934712644.8,1029048447,1108627940,1426530328,1340343635,1217441587,1264175206,1370626127,1481296714,1720229823,1958367038,2496880482,2519389980,3706631585,4154778517,4042162598,4765825769,5185055823,5040700214,5152870485,7011938606,7381142665,7538705257,6405695322,7506218917,8464047997,8833422878,8932861261,
Lao PDR,LAO,"Personal remittances, paid (current US$)",BM.TRF.PWKR.CD.DT,,,,,,,,,,,,,,,,,,,,,,,,,,,,,,,,,200000,200000,500000,400000,400000,400000,400000,400000,440000,463050,486202.5,996715.125,800000,840000,5410944,6000000,9360745.82,22370007.92,19314932.66,75643119.06,70175689.28,68704000.84,54165306.36,43338071.87,39476133.67,103058585.6,123785020.6,106033680.9,96284527.79,126894380.2,148056417.4,129466534.8,141320000,
Lebanon,LBN,"Personal remittances, paid (current US$)",BM.TRF.PWKR.CD.DT,,,,,,,,,,,,,,,,,,,,,,,,,,,,,,,,,,,,,,,,,,,2520630000,4081075682,4232697026,4011675055,3445148822,2961900000,4365960000,5749154020,4390475745,4377027028,4698442227,4949422789,4288964955,3674947485,4170870500,4452964985,5007029017,4335489409,2757782884,1928784937,1736872524,1775193554,,
Liberia,LBR,"Personal remittances, paid (current US$)",BM.TRF.PWKR.CD.DT,,,,,,,,,,,,,,,,,,,,34999988.56,31999990.46,32999992.37,74999977.11,125999961.9,120899963.4,102399971,136199966.4,125899963.4,,,,,,,,,,,,,,,,,176171.4053,193788.5467,213167.2915,255220.2574,480663.4,1008165.606,300506670.2,306604494.2,434537277.8,394922690.7,364440780.6,339788070.6,357014804.5,315532437.8,339065011.9,251179523.8,128381953.6,138278535.6,132684572.8,139109826.4,150809859.1,
Libya,LBY,"Personal remittances, paid (current US$)",BM.TRF.PWKR.CD.DT,,,,,,,,,,,,,,,,,,839720214.8,931934021,831613464.4,1052184448,1530813477,1574718018,2031730835,1240318481,858967834.5,489860687.3,466285003.7,496909698.5,471626220.7,445657364.3,408936302.2,394241440.9,323947593.8,282746809.7,221932618.1,271520290,192029739.4,207881338.7,213017908.8,463000000,683000000,786000000,676000000,975000000,914000000,945000000,762200000,964200000,1361000000,1609000000,650000000,1971000000,3199300000,1119700000,839800000,755800000,680200000,744200000,1082300000,923600000,900400000,2519400000,4819400000,,
St. Lucia,LCA,"Personal remittances, paid (current US$)",BM.TRF.PWKR.CD.DT,,,,,,,,,,,,,,,,,,,,,,,500000,1049999.952,1600000.024,1600000.024,3951851.845,3285185.099,4151851.654,3377777.815,4459259.259,1759259.259,,3037037.037,1851851.852,1888888.889,5811111.111,2266666.667,2329629.63,2592592.593,2592592.593,2777777.778,2777777.778,2777777.778,2777777.778,14849628.29,15424976.84,16027014.56,16902751.34,16368012.89,16737684.87,17057090.08,16436231.91,16620417.02,17431302.84,18735427.64,21837280.01,20922398.08,15898611.91,17119542.22,19634858.89,14417590.74,13150697.04,13752714.44,15740166.67,
Latin America & Caribbean,LCN,"Personal remittances, paid (current US$)",BM.TRF.PWKR.CD.DT,,,,,,,,,,,100550000,98793192.84,108896316.7,129062211.5,161270004.3,320526611.1,445313525.1,556300360.4,750618330.8,697808337.2,1042322566,1046308863,1297076653,629693888.7,721647596.1,752277545,698051644.6,716891481.3,781050283.8,964537910.2,1073742863,1180838643,1338991887,1430904789,1457134462,1150296897,1371643258,1339272274,1513878410,1586237735,2092839318,2091364936,1994880681,1918024465,2082421848,2282716941,2770848194,3536887638,4316514876,4216811478,5787316615,6753421907,7071111390,8267273332,8084826133,8007827364,8548985305,10682413103,11132662291,11255989985,9622020165,10874834907,11911176444,12392959747,11528328920,
Least developed countries: UN classification,LDC,"Personal remittances, paid (current US$)",BM.TRF.PWKR.CD.DT,,,,,,,,,,,,5400000.095,3279988.05,7940000.057,97286626.11,201596158,214153203.8,242402538.6,351194387.8,500150818.7,598170643.3,540635262.4,537622202.6,546096294.6,492029318.2,577477072.3,753690726.7,720354706.5,636635492.8,656993733.8,799564049.2,800301807.6,779621696.1,736510470.1,641771866.7,715650986.5,681856512.5,694693427.6,718682123.8,1037732262,1251119298,1134573072,1162174005,1128412457,1338307446,1458661377,1756008608,2261818444,2897323786,3617656796,4369158079,4881808614,6641273693,7930864784,8025002823,6486042638,5924427843,5671024100,6402072324,5869569668,5771910318,5198304072,7319960778,7289060866,6362053373,
Low income,LIC,"Personal remittances, paid (current US$)",BM.TRF.PWKR.CD.DT,,,,,,,,,,,,,,,56446843.63,106293321.6,108540791.5,142506889.1,161117488.5,226647875.7,330629005.7,306935211.7,315450812.7,345939085.5,306229304.8,334922441.7,454709117.3,447232946.9,332502422,319966794.9,470940055.5,481538338.6,455585688.5,429948295.3,313106963.1,244252117.9,235792516.9,239821844,241205501.6,550772155.2,741536361.8,649907989.6,662130655,552397945.5,625022258.4,662335630.9,877001353,1190724398,1601093849,2214379598,3054248931,3034012919,2911423330,3451825727,3068478129,3228450494,2704773678,2669734007,3385714158,3194015480,3171740212,2556801891,4352911558,3804825767,3068467479,
Liechtenstein,LIE,"Personal remittances, paid (current US$)",BM.TRF.PWKR.CD.DT,,,,,,,,,,,,,,,,,,,,,,,,,,,,,,,,,,,,,,,,,,,,,,,,,,,,,,,,,,,,,,,,,,
Sri Lanka,LKA,"Personal remittances, paid (current US$)",BM.TRF.PWKR.CD.DT,,,,,,,,,,,,,,,,,,,,,,,,,,,,,,,,,,,,12638366.86,12364707.58,13253602.08,13356026.39,13507477.26,14033983.32,188270000,203680000,223690000,229550000,249350000,274200000,304550000,372900000,420300000,526140000,580970000,680120989.5,854400005.9,887060001.1,896280000.2,895080001,944429998,962280000,1090540000,1042200001,343600000,364930002.3,185243267.5,166050273.6,
Lower middle income,LMC,"Personal remittances, paid (current US$)",BM.TRF.PWKR.CD.DT,,,,,,,,,,,,5400000.095,3279988.05,7940000.057,40839782.48,346098682.9,553278403.6,892835186.9,1281311457,1707007173,2212548530,1814554065,1640094290,1568570340,1437091004,1401684589,1479723123,1385326770,1475354101,1283384116,1311528344,1227976160,1516406951,1518507378,1676091548,2040808153,2054970108,1967796271,1640783998,1563131689,1908066574,2334946405,5545465892,7597475610,8324870624,8429621540,8712582037,9375519093,13258280343,13834968132,13910430850,14702836217,18129561316,21106085580,21134506988,20262788860,19962408460,20950156634,21388289371,21003841382,18383378459,19069120391,22441742891,24565380064,22595472306,
Low & middle income,LMY,"Personal remittances, paid (current US$)",BM.TRF.PWKR.CD.DT,,,,,,,,,,,249599899.3,302303083.4,298043129.7,446299400.1,678019880.7,1261838598,1482744472,2035959278,2645324891,3260840805,4322891735,3867766478,3616840956,3561137449,3307186738,3146862672,3490270529,3526349423,3587845650,3447628968,3683801531,3254954371,3429577382,3563861888,3686198464,4098542193,4219999855,4304514188,4193316525,4936390903,5962699979,6506517118,10086653398,12975660114,16370180359,18020874973,21191964455,24192668577,29842871754,33526984901,35674775270,38562051891,44278489090,49567721622,53890228779,52473869722,51456947780,64412480315,67049665353,69181251395,65767253184,72875428348,83139642478,84575298850,84786894236,
Lesotho,LSO,"Personal remittances, paid (current US$)",BM.TRF.PWKR.CD.DT,,,,,,,,,,,,,,,,,,,,,,,,,,,,,,,,,,,,75360114.48,60481623.8,56305054.49,55623932.99,34060380.47,10318299.29,9554950.714,7967420.578,10110385.89,11025073.05,,,,,,,,,,,,,2223985.747,3530901.704,3395984.322,2829145.811,3365142.718,3343278.118,3021529.096,3041602.822,
Late-demographic dividend,LTE,"Personal remittances, paid (current US$)",BM.TRF.PWKR.CD.DT,,,,,,,,,,,13000000,13038740.16,15199939.73,14305560.11,129887490.3,692136061.2,834798292.4,913395381.8,1072500031,1099853829,1634735977,1764447079,2035673538,1952599032,2290722141,2462044463,2360749281,2457954755,2606600209,2756034751,2369803256,2038338041,2705955547,3477231566,3973463190,6028614716,6239165988,7082003102,8193147840,6090609805,6860347662,8396699513,15612106980,19028083836,25233655791,30363416052,38653469521,57546928331,73626673647,68552367922,69844914407,89953788065,99178802923,1.11263E+11,1.13892E+11,99427966904,95837188683,1.13493E+11,1.20393E+11,1.25612E+11,1.14087E+11,1.21441E+11,1.15703E+11,1.12158E+11,1.10891E+11,
Lithuania,LTU,"Personal remittances, paid (current US$)",BM.TRF.PWKR.CD.DT,,,,,,,,,,,,,,,,,,,,,,,,,,,,,,,,,,90194.27418,593128.9951,967500,33075000,58107500,63300000,46635000,38125000,29425000,31277059.8,41935040.13,280385149,258897637.8,426012938.7,566889505.9,652017790,679864454.3,552309227.6,1026308575,1134627104,851747820.4,904678078.8,589066458.3,583843381.2,548041411.1,616910983.7,602061051.7,365938903.9,403262248.9,568093735.3,545365165.2,676057345.4,
Luxembourg,LUX,"Personal remittances, paid (current US$)",BM.TRF.PWKR.CD.DT,,,,,,,,,,,,,,,,,,,,,,,,,,,,,,,,,,,,2214762939,2304241455,2219349121,2458588135,2694624183,2719591403,3138724319,4070377008,5068145923,6037754949,6742474551,7626976008,9367574108,11042647564,10758738696,10658661179,11775377477,11454422099,12419217720,12917475761,11232764646,11679077114,12693980483,14044624458,14103454421,14274904980,16658236754,16075437004,18079287521,18742471950,
Latvia,LVA,"Personal remittances, paid (current US$)",BM.TRF.PWKR.CD.DT,,,,,,,,,,,,,,,,,,,,,,,,,,,,,,,,,224030,354000,2088000,1238000,2168000,4600000,7700000,7600000,131509462.7,142426404.5,3778528.25,4524124.961,8698274.206,17345243.73,25148128.41,41190568.88,791452699,571395003.2,314819934.8,357550717.8,337561104.5,376424514.3,292327330.7,273065661.1,233810559.6,202640897.9,238603497.1,240536845.4,174638567.2,397963583.4,593085475.9,477771414.4,576778154.6,
"Macao SAR, China",MAC,"Personal remittances, paid (current US$)",BM.TRF.PWKR.CD.DT,,,,,,,,,,,,,,,,,,,,,,,,,,,,,,,,,,,,,,,,,,,95124956.95,93896939.93,132290260.2,232536754.9,441438338.1,792459633,1017705652,768319249.5,636508215.1,773583528.2,972686489.6,1282686426,1629715149,1949440187,2026879349,2041139084,2165769640,2324634267,2140937869,2041370679,2089764263,2385845466,2453364868,
St. Martin (French part),MAF,"Personal remittances, paid (current US$)",BM.TRF.PWKR.CD.DT,,,,,,,,,,,,,,,,,,,,,,,,,,,,,,,,,,,,,,,,,,,,,,,,,,,,,,,,,,,,,,,,,,
Morocco,MAR,"Personal remittances, paid (current US$)",BM.TRF.PWKR.CD.DT,,,,,,,,,,,,,,,,53300598.14,57701282.5,61287765.5,75359924.32,81813034.06,77477127.08,59161350.25,46322258,37967617.03,30758628.85,21167715.07,18782041.55,24045291.9,20830415.73,14255133.63,11404526.02,17343264.55,22605156.44,13980435.1,13039630.15,14753690.94,14112179.01,14904839.94,21760823.73,19685000.89,23198610.99,26568226.51,30315999.61,34149629.35,33536406.46,35071215.05,37889226.54,48909774.1,54396669.32,60109315.81,62034092,70930587.4,64152932.18,63305944.12,100200862.6,78799239.1,106698413,111635972.5,138278345,136433736.5,152346535.2,175462338.8,156045619,170658849.3,186442479.3,
Monaco,MCO,"Personal remittances, paid (current US$)",BM.TRF.PWKR.CD.DT,,,,,,,,,,,,,,,,,,,,,,,,,,,,,,,,,,,,,,,,,,,,,,,,,,,,,,,,,,,,,,,,,,
Moldova,MDA,"Personal remittances, paid (current US$)",BM.TRF.PWKR.CD.DT,,,,,,,,,,,,,,,,,,,,,,,,,,,,,,,,,,,9520000,330000,5840000,19950000,21420000,24660000,29210000,39390000,36280000,43810000,41830000,46270000,56860000,71900000,92250000,86950000,115730000,79620000,92990000,93870000,147050000,154110000,141340000,144060000,169040000,180740000,207370000,293470000,519180000,449790898.3,512335316.6,
Madagascar,MDG,"Personal remittances, paid (current US$)",BM.TRF.PWKR.CD.DT,,,,,,,,,,,,,,,20315429.69,37328739.17,34735359.19,26009574.89,27386940,26325582.5,31238351.82,23331947.33,20100885.39,12196561.81,10647845.27,14430678.37,16308345.79,11905949.59,13844011.31,13458584.79,17501628.58,9992590.01,9436864.035,6698775.854,8447069.838,11076905.77,13210213.11,15125069.1,13000334.78,11213004.92,11903986.43,11415636.25,4714538.886,17924587.4,9001433.9,23162247.73,27214040.88,38241872.3,40562028.78,49537321.83,58909226.18,54214198.66,63112378.12,55195669.67,49749228.96,57976274.83,47656921.85,63489593.22,74265373.84,63243733.92,42944963.24,54091502.49,99975405.24,76912649.64,86161330.75,
Maldives,MDV,"Personal remittances, paid (current US$)",BM.TRF.PWKR.CD.DT,,,,,,,,,,,,,,,,,,,,,200000.003,300000.0119,1299999.952,2000000,3400000.095,2000000,3043138.742,3665143.728,5871821.88,5999455.929,8219088,17141988,19300000,26811040,22463450,26774476.35,27462499,28145551.25,30808433.95,40881382.73,46352243.98,49963192,50617855,55320628,61507567,69910462,83551366,188824500,218697300,190152900,189384561.9,239910120.1,259861750.2,265584668.8,301426449.7,348365189.2,376235041.4,475257900,532373122.3,596115719.2,396701999.9,496466121.7,565036074.8,592162543.3,622562741.3,
"Middle East, North Africa, Afghanistan & Pakistan",MEA,"Personal remittances, paid (current US$)",BM.TRF.PWKR.CD.DT,,,,,,,,,,,11000000,221466574.9,278001600.3,401804837.7,641568212.7,1379011899,1934052396,3510995964,5205538756,6068625676,7022780481,8871173725,9594367385,10145467312,9680726788,9651430398,8910735199,8970584861,10640889705,12750862393,14751885262,16910195879,17723335452,20323215985,22862478809,21161360795,19931909459,20070961693,20437649656,19652499494,21466046771,21254654556,24224469215,25279005107,25332161190,26692836738,30311034202,37387108440,48139121183,56812973847,57641508438,70422833119,76839319403,88482300853,90182557827,88816886536,87198822652,84703998347,83650973532,84476664875,81769867606,89109858864,91247152687,87219596083,88105277971,
Mexico,MEX,"Personal remittances, paid (current US$)",BM.TRF.PWKR.CD.DT,,,,,,,,,,,,,,,,,,,,,11000000,19000000,7000000,,,,,,,,,,,,,,,,,,,,,,,,,,,,,,,748784364,715177445,632146573,543970787,635236627,742219159,787386867,647378542,767243593,883189736,1075657232,1308403827,
Marshall Islands,MHL,"Personal remittances, paid (current US$)",BM.TRF.PWKR.CD.DT,,,,,,,,,,,,,,,,,,,,,,,,,,,,,,,,,,,,,,,,,,,,,,3470887.104,3616436.139,3843304.761,4070087.618,4432601.278,7881811.211,9237557.156,23120296.33,23658445.15,23818965.82,18452182.37,19452182.37,22766242,23766242,16047952.67,17684289.66,13546081.09,,,,
Middle income,MIC,"Personal remittances, paid (current US$)",BM.TRF.PWKR.CD.DT,,,,,,,,,,,249599899.3,302303083.4,298043129.7,446299400.1,621573037,1155545276,1374203680,1891036930,2483289528,3033516600,3991683020,3560154938,3301100288,3214715272,3000619269,2811118975,3035030010,3078246911,3254908445,3126792608,3212233456,2773029559,2973255365,3133493592,3372742343,3854046472,3983122753,4059454772,3947851468,4382169743,5208606717,5842585651,9407944285,12405995169,15735934356,17342139841,20300832060,22987376506,28220473915,31286055738,32573559187,35506206490,41347183614,46092818572,50809898956,49376931594,48786094563,61853364476,63758751746,65984175848,62886693321,70314123270,78766332281,80893121396,81649159932,
North Macedonia,MKD,"Personal remittances, paid (current US$)",BM.TRF.PWKR.CD.DT,,,,,,,,,,,,,,,,,,,,,,,,,,,,,,,,,,,,,850000,380000,20661702,11999652,14208225,20520593,23265150,16067713,16158268,15545106,17848735,24875466,32975259,26302033,22611970,24692250,23859882,24438824,23991042,19890647,24250401,27449618,24903445,21972421,27313816,26035886,22418837.7,24222305.29,24147739.2,
Mali,MLI,"Personal remittances, paid (current US$)",BM.TRF.PWKR.CD.DT,,,,,,,,,,,,,,,,11548534.39,7825888.634,6186917.782,11965122.22,19509063.72,18932262.42,15272431.37,14454989.43,13121085.17,11671637.54,28713695.53,37827827.45,43921443.94,39886085.51,42067871.09,45396983.18,51221716.13,69174791.01,55727702.54,36635136.84,42231927.23,22679982.17,21436793.83,32302640.35,29814886.93,26321101.8,23287998.97,30323325.26,57610085.89,63903029.97,69358786.11,57213885.72,82777285.57,105201783.9,167576232.4,176052971.2,129114434.9,110776021.6,133942195.5,147501911.6,132910580.5,160379732.5,155416517.7,207062585.9,206300457.4,205398548.7,235014952,230661903.6,270095796.8,266086008.5,
Malta,MLT,"Personal remittances, paid (current US$)",BM.TRF.PWKR.CD.DT,,,,,,,,,,,,3193259.478,4193128.586,4609586.239,3372404.337,3898297.787,4939597.607,3078313.589,5708601.952,6695120.811,7526923.18,7499337.196,5095324.993,4393579.96,6073302.746,4689281.94,6106987,8393835.068,9369616.508,23529918.67,24796249.1,8380704.889,5129759.503,1852000.405,2915952.691,8721485.077,9272450.788,9008069.098,6890502.57,9880053.67,8403735.631,8422550.228,9392415.878,11531928.04,376040942.1,192227232.5,222752000.3,258535693.8,1320344848,1863673779,1611546409,1107824808,1050328347,1107797476,1112989947,403791052.2,450710172.1,115184810.2,130504220.6,133113496.3,136129506.7,151706277.7,168032200.1,200650153.3,226413906.6,
Myanmar,MMR,"Personal remittances, paid (current US$)",BM.TRF.PWKR.CD.DT,,,,,,,,,,,,,,,,,,,,,,,,,,,,75017.8397,418023.3479,,,,,,,,,,,,13781411.52,13974440.85,23043884.55,22610100.9,24271990.03,18816238.3,31369185.55,,,,,,,419356298.1,565941089.8,382264665.7,297721233.6,96325534.85,151129018.6,178868963,,,,,,
"Middle East, North Africa, Afghanistan & Pakistan (excluding high income)",MNA,"Personal remittances, paid (current US$)",BM.TRF.PWKR.CD.DT,,,,,,,,,,,,,,,,53300598.14,99580220.82,1054363832,1214961670,1147096601,1471712024,1920614579,1942349519,2445002412,1682048176,1265910647,866762050.1,767906101.6,732441413.4,658857865.5,698300687.1,673739355.9,838179720.2,670258779.4,735954089.3,687506496.5,639848969.2,861658115.8,636098878.8,548223183.8,835725495.8,1061707569,3666310490,5242133791,5714779918,5655958600,6167298012,5096184241,6948401722,9207401598,8757186350,6944931198,9077632193,10490815901,8370837798,7073673612,7004210308,7119700371,8043478693,7746948487,5861955817,5210117434,6316517785,9115876005,2415333424,
Montenegro,MNE,"Personal remittances, paid (current US$)",BM.TRF.PWKR.CD.DT,,,,,,,,,,,,,,,,,,,,,,,,,,,,,,,,,,,,,,,,,,,,,,,,27087488.49,27271060.02,25942628.68,32630767.42,43510270.65,52603848.25,64263246.52,72165183.95,53639764.55,59921997.92,70433308.39,110740637,123350542,98244951.68,103808013.9,123410267.5,144589754.1,196265022.1,
Mongolia,MNG,"Personal remittances, paid (current US$)",BM.TRF.PWKR.CD.DT,,,,,,,,,,,,,,,,,,,,,,,,,,,,,,,,,,,,,,,3000000,1886587.693,4596293.696,6393861.893,16460011.8,19014124.14,49094956.63,40422531.02,76579020,90323100,172184896.7,83443648.92,169098104.3,312199055.2,531374750.3,441381964,336940233.6,227551598.3,170934427.1,183097762.1,216788387.3,233421699.2,145842925.5,143896890.3,128976380.4,162551428.8,187474356.4,
Northern Mariana Islands,MNP,"Personal remittances, paid (current US$)",BM.TRF.PWKR.CD.DT,,,,,,,,,,,,,,,,,,,,,,,,,,,,,,,,,,,,,,,,,,,,,,,,,,,,,,,,,,,,,,,,,,
Mozambique,MOZ,"Personal remittances, paid (current US$)",BM.TRF.PWKR.CD.DT,,,,,,,,,,,,,,,,,,,,,25299999.24,29399999.62,23600000.38,19899999.62,25700000.76,25000000,23000000,25000000,25299999.24,27500000,25399999.62,29600000.38,26600000.38,21299999.24,19399999.62,20600000.38,15699999.81,22899999.62,31100000.38,139800003.1,156199996.9,64189277.65,49908393.86,29506679.53,20255369.19,24484791.32,26098008.42,45250476.61,56837736.43,65747044.09,53681013.21,41487242.7,96201741.86,99836837.31,193870444.8,190566935.1,98477390.91,219143648.1,209479738.4,192725980.9,205574224.2,211763444,190209671.5,199059585.2,196407527.5,
Mauritania,MRT,"Personal remittances, paid (current US$)",BM.TRF.PWKR.CD.DT,,,,,,,,,,,,,,,,21529199.6,24965433.12,22330886.84,21164365.77,32227489.47,32582595.83,21678888.32,31505239.49,27129261.02,24105323.79,24220016.48,29243698.12,32228664.4,34041610.72,32498104.1,31224801.2,29373061.47,30392953.89,22830023.38,24907950.64,14433413.39,12235677.07,11550619.02,9619270.375,,,,,,,,,,,,,,239832472,255109256.2,188556446.7,171581503,,53064260.45,26581211.45,10091814.78,38619252.23,22383067.18,22860178.99,11706367.53,69298165.46,
Mauritius,MUS,"Personal remittances, paid (current US$)",BM.TRF.PWKR.CD.DT,,,,,,,,,,,,,,,,,897998.5714,908085.3462,1622514.009,1109682.918,1561627.388,1342801.332,919747.4122,1110522.628,797082.1857,841833.5319,1113886.833,1785961.509,1116260.409,852472.0669,605511.4865,1597208.5,1413590.312,1473252.654,1336275.578,1092813.373,780028.2836,522385.18,791909.2178,476458.7879,,6343698.726,8120378.641,9114165.12,9332633.8,9247006.093,10072841.98,9947909.849,12740006.75,10257767.1,8458860.236,9445395.356,8187835.342,8310946.438,700782846.6,599739064.4,599031731.6,581452823,747332851.2,822789626.7,1102388946,1357599988,1278876029,1358588223,1122177193,
Malawi,MWI,"Personal remittances, paid (current US$)",BM.TRF.PWKR.CD.DT,,,,,,,,,,,,,,,,,,,118519.2093,122417.3158,246276.4084,223389.0444,189482.0333,85123.5315,212257.1468,116340.1678,53732.4324,45274.6302,234255.9695,398619.4432,36645.04812,35672.08436,138762.6374,136277.5853,583764.1455,804776.7535,1175819.917,996705.5203,1408954.596,821082.4642,424876.6196,623014.7005,448161.6901,6976454.735,7315991.83,7336575.794,7338187.332,10185949.31,10385587.04,13316725.89,14907784.68,17450252.16,17793232.82,16452845.58,18552017.84,20001245.99,7593224.622,12174027.93,14979831.9,32026968.78,36843589.45,166185748.4,192977567.4,130893180.5,198332605.2,
Malaysia,MYS,"Personal remittances, paid (current US$)",BM.TRF.PWKR.CD.DT,,,,,,,,,,,,,,,4569877.625,4595236.301,5901852.131,10563594.82,19429702.76,12337546.35,18834266.66,16926164.63,15414973.26,14647280.69,14507337.57,12887419.7,21305923.46,130971176.1,182145660.4,183842422.5,182263505.7,153814453,186858410.3,210947925.4,105553699.7,1329258290,1424913328,2074156578,2924032489,483684210.5,598947368.4,633947368.4,3826315789,3463789474,5064289474,5679210083,5596604811,6388479680,6785527868,6528552508,8628262709,9421625636,8958203380,8981934822,10192344890,10482814889,10105146888,9393881494,10915511979,11397960820,9089670218,8634941974,9090485162,9645676683,10842907209,
North America,NAC,"Personal remittances, paid (current US$)",BM.TRF.PWKR.CD.DT,,,,,,,,,,,650000000,700000000,670000000,710000000,680000000,590000000,650000000,1060000000,1170000000,1220000000,1360000000,4720000000,5140000000,5450000000,5990000000,6330000000,8660000000,8806000000,9005000000,10220000000,13164152129,15231810162,17381319805,19178452966,21546566507,23487427082,25174488395,27140847001,28921381390,34960242982,36093622259,39993974003,42079679764,43185154647,46967530519,51012615580,54432270324,57783969469,60729056999,55429662290,56056077023,56627181322,58217531641,60924284086,63411360104,66020130713,68339579332,70815149041,74611967683,80544828276,73767199430,81867371598,99336183990,1.12118E+11,1.18406E+11,
Namibia,NAM,"Personal remittances, paid (current US$)",BM.TRF.PWKR.CD.DT,,,,,,,,,,,,,,,,,,,,,,,,,,,,,,,25856862.87,22308211.85,17286029.14,13342548.33,11152421.59,11165991.42,10769071.83,16558297.47,10491501.21,9132202.345,8662483.857,7840079.553,8012240.689,14718444.71,17134910.98,18283122.41,19662580.34,15549449.88,42431706.08,67788579.32,81636368.36,111952120.7,103503168.6,83084221.9,131231613.5,71439738.98,49880620.52,68481234.35,57922970,95556581.9,52264014.85,61004533.75,57766400.92,55690080.8,76930097.48,
New Caledonia,NCL,"Personal remittances, paid (current US$)",BM.TRF.PWKR.CD.DT,,,,,,,,,,,,,,,,,,,,,,,,,,,,,,,,,,,,,,,,,,,19251381.26,20741126.24,21164224.96,27668228.62,50185772.12,55565417.9,67950370.5,92403339.06,82719576.34,87380356.22,68282196.61,61223808.27,47883853.15,28730855.74,59857716.33,,,,,,,,,
Niger,NER,"Personal remittances, paid (current US$)",BM.TRF.PWKR.CD.DT,,,,,,,,,,,,,,,17569248.2,20334753.04,20225946.43,21849588.39,34011966.71,45373851.78,53417377.47,47948074.34,48370960.24,43454410.55,40738594.06,48911220.55,72848884.58,65576049.8,68931083.68,56333957.67,66479400.94,65379469.36,64901897.04,61300472.79,46539591.98,28640779.49,33392471.6,19975350.01,20961035.35,18520409.41,11906371.48,10338645.34,6398897.744,9061947.446,24911914.55,29323385.07,29292207.87,18036756.85,22392374.6,25299099.26,72250231.52,111656559,90688150.38,91514546.31,147282876.8,101269765.5,109142182.2,169749529.4,184458102.9,178579848.6,395522247.3,194871095.3,563793444,455171511.5,466152984.3,
Nigeria,NGA,"Personal remittances, paid (current US$)",BM.TRF.PWKR.CD.DT,,,,,,,,,,,,,,,,,,198541626,253434753.4,355955932.6,523061462.4,484047332.8,427641510,408608459.5,332669097.9,297614349.4,149898284.9,21663145.07,37029144.29,28785829.54,8853591.755,53510676.99,34802542.94,2310583.528,3500636.479,1463817.392,547300.155,1164844.856,1328093.32,9400236.739,1052141.649,593358.4312,903977.98,11562241.36,20855603.81,68030269.69,101560829.6,54006296.49,58148760.58,47035790.57,47474692.66,75506157.77,38702386.73,50482639.37,54615715.58,1035451150,744771120.4,275345845.1,67676279.79,90600080.53,92101664.91,82545294.22,82424279.49,84096847.3,92301297.59,
Nicaragua,NIC,"Personal remittances, paid (current US$)",BM.TRF.PWKR.CD.DT,,,,,,,,,,,,,,,,,,4599999.905,5099999.905,4000000,2000000,4199999.809,2000000,2599999.905,,,,,,,,,,,,,,,,,,,,,,,,,1200000,1200000,1200000,1300000,1500000,1300000,1300000,1600000,1600000,1600000,1600000,1600000,1500000,105700000,182300000,133000000,145700000,
Netherlands,NLD,"Personal remittances, paid (current US$)",BM.TRF.PWKR.CD.DT,,,,,,,,,,,181215469.4,243088134.8,308894805.9,402334350.6,467887573.2,478802337.6,507218383.8,543714599.6,666613037.1,763429077.1,970156738.3,884096984.9,872030090.3,736433776.9,647414856,657619140.6,885802612.3,1245937622,1162909790,1193692749,921032391.3,947883470,1305924814,1180055166,1163632823,1505896052,1443366470,1391005515,1423421396,1506537685,1447233060,1534123315,1641973258,2470743132,4194545716,4544867969,6078723966,10084061727,12696526892,14648610572,12676274217,14499578950,12346358953,13391096658,12226986760,10369433313,11014789958,12173522227,14002859191,14111599016,17880828969,15320684730,15349298860,16886457269,18125742439,
Norway,NOR,"Personal remittances, paid (current US$)",BM.TRF.PWKR.CD.DT,,,,,,,,,,,,,,,,12653072.36,14296213.15,66100570.68,72999969.48,92032424.93,109972061.2,133439346.3,139730178.8,126913864.1,108805236.8,143537109.4,181133026.1,238485809.3,226984314,250673156.7,216797373,309144752.2,446375352.5,531989185.9,474738581,603073710,647206936.9,703252852,745710304.6,957723859.4,1059510254,1022440563,922870428.8,1430077423,1749216385,2174008491,2596882572,3577067724,4750013568,4174095054,4118496972,4427035714,,,,,,4025198596,4410935943,4619086160,3870828558,3990222811,5412287268,5463282252,5701801445,
Nepal,NPL,"Personal remittances, paid (current US$)",BM.TRF.PWKR.CD.DT,,,,,,,,,,,,,,,,,,,,,,,,,,,,,,,,,,3005676.367,8713303.282,9062518.97,17992224.69,21802417.28,24058675.42,26947867.6,16732552.41,24304800.75,34089615.1,26189754.76,63611104.5,65787634.35,79166536.17,3953399.498,5286468.443,12297855.77,32360885.52,39162790.86,50325791.47,27772183.88,9103367.604,9494425.813,20054323.58,33435192.63,49426302.09,60035162.85,44143198.96,44025033.93,101146853.3,108459715.8,81687530.72,
Nauru,NRU,"Personal remittances, paid (current US$)",BM.TRF.PWKR.CD.DT,,,,,,,,,,,,,,,,,,,,,,,,,,,,,,,,,,,,,,,,,,,,,,,,,2149091.229,2018158.308,2109414.897,6092052.433,7119703.294,16834211.82,19082583.63,18192164.78,25288098.93,16371270.93,10541871.95,13937202.91,14107865.66,16544592.05,15632496.1,19227121.79,26180447.7,
New Zealand,NZL,"Personal remittances, paid (current US$)",BM.TRF.PWKR.CD.DT,,,,,,,,,,,,,52588798.52,77360290.53,109029518.1,99722793.58,95532958.98,98999168.4,129610900.9,140009857.2,150951782.2,192109329.2,134221740.7,131855194.1,121539619.4,126944213.9,171737396.2,241905807.5,347438751.2,352945709.2,366592132.6,349928283.7,310627380.4,290843261.7,349057525.6,427224151.6,604967346.2,683438781.7,436495086.7,469204010,187155232.7,215634248.8,310921690.5,381769864.8,457332000.7,647307740.2,552021852.4,622559549.8,624258402.7,524453998.2,533917798.4,636205262.8,668885081.5,716983278.7,777100681.6,728535221.1,790898226.1,849968072.2,872298866.7,880567493.9,877935551.9,900531667.1,902135105.8,1060990300,1169619980,
OECD members,OED,"Personal remittances, paid (current US$)",BM.TRF.PWKR.CD.DT,,,,,,,,,,,1076717249,3470876077,4155301695,5496852970,6018659474,9198292011,9472022835,11863031770,14840483088,16838022961,18796250404,20665434490,21185383539,20804675896,20443489056,20529452005,27050549779,33206045680,36249455430,38658211928,46945526282,50517061179,56881219970,57315410669,59062540273,69020736120,71900586381,71071924509,73155564740,86828444972,86108169243,92875450497,99194171876,1.1052E+11,1.25038E+11,1.35409E+11,1.49815E+11,1.73401E+11,2.03989E+11,1.92063E+11,1.93594E+11,2.11786E+11,2.0069E+11,2.11584E+11,2.23548E+11,2.11251E+11,2.21103E+11,2.36673E+11,2.64675E+11,2.69185E+11,2.64294E+11,2.89416E+11,3.12657E+11,3.48233E+11,3.63186E+11,
Oman,OMN,"Personal remittances, paid (current US$)",BM.TRF.PWKR.CD.DT,,,,,,,,,,,,,,,110885932.9,208164444,219745224,221771865.8,241169662.5,281412841.8,396641571,500868560.8,599305175.8,738274475.1,862774047.9,949637390.1,884858642.6,741222351.1,801040283.2,829648864.7,855656697,910273081.9,1219765930,1422626797,1365409641,1537061148,1370600000,1500700000,1466900000,1438199991,1451200000,1531859558,1602080624,1672301691,1825747724,2257477243,2788036411,3669700910,5180754226,5315994798,5703511053,7214564369,8086605982,9104418726,10300832250,10990897269,10312093628,9815344603,9957667100,9133596879,8772236671,8117672050,9071113289,9432193686,9184884710,
Other small states,OSS,"Personal remittances, paid (current US$)",BM.TRF.PWKR.CD.DT,,,,,,,,,,,,3193259.478,4193128.586,4609586.239,3372404.337,3898297.787,11013930.68,9581749.225,21738034.29,26261573.58,30761375.89,29010057.65,32227305.3,33175600.69,35784076.07,30705457.16,40662187.88,38890673.49,46394154,69830486.62,77586037.49,84504084.57,99146180.38,80986797.63,83333504.21,121245912.6,116387750.2,121804628.5,114035229.2,130742024.5,163117316.9,195366949.2,319556351.3,453703424.3,1098527463,1101673730,1365628394,1821677728,3355133108,3627535292,3239913290,2793661921,2645864263,2550561247,3362909740,2600791159,2953930766,3297327304,3836868368,3713984521,3579436885,4253062473,4416421021,5030144236,4699132954,
Pakistan,PAK,"Personal remittances, paid (current US$)",BM.TRF.PWKR.CD.DT,,,,,,,,,,,,,,,,,405952.096,507440.1498,405952.096,811904.192,710416.1978,1217856.288,1085887.074,1743130.803,437250.4056,2152493.477,902645.5283,1268947.005,891818.583,876290.5002,648388.9818,514530.3607,560796.2012,983752.036,1870273.188,4410749.139,3557046.351,1919643.484,5000000,3000000,2000000,3000000,2000000,5000000,10000000,3000000,3000000,2000000,,8000000,9000000,28000000,34000000,16000000,16000000,30000000,64000000,120000000,130000000,124000000,187000000,231000000,208000000,322000000,352000000,
Panama,PAN,"Personal remittances, paid (current US$)",BM.TRF.PWKR.CD.DT,,,,,,,,,,,,,,,,,,,,,37299999.24,31600000.38,34500000,38299999.24,31600000.38,30799999.24,27100000.38,39200000.76,40599998.47,35799999.24,21800000,16100000,20000000,23700000,24800000,20400000,20000000,21300000,20600000,21200000,22000000,42100000,44700000,56600000,72300000,87600000,236300000,295900000,387600000,449800000,485800000,463600000,563600000,644200000,814500000,828900000,838790100,838408100,797138800,823651596.9,508879203.4,550866867.9,563382434.5,535625802.7,596169824,
Peru,PER,"Personal remittances, paid (current US$)",BM.TRF.PWKR.CD.DT,,,,,,,,,,,,,,,,,,,,,,,,,,24000000,33310001.37,20620000.84,45990001.68,58680000.31,75000000,87000000,73000000,92046051.03,89446533.2,33783813.48,29189781.19,74312194.82,78101173.4,79372291.56,275356567.4,174931900,117986351,116003776.6,113242790.2,,,,,,,,,,,,,122627493.5,284214822.8,325545723.3,164983243.5,173395525.6,187003202,321549531.4,331196017.4,
Philippines,PHL,"Personal remittances, paid (current US$)",BM.TRF.PWKR.CD.DT,,,,,,,,,,,,,,,,,,7000000,5000000,9000000,12000000,11000000,9000000,8000000,1000000,1000000,6000000,3000000,10000000,4000000,5000000,9000000,8000000,45000000,89000000,151000000,57000000,,,25000000,21000000,24000000,21000000,18000000,17000000,195378604,63286334.98,65935652.55,116943064.8,93790177.69,109142109.1,134766836.3,152357507,210262023.3,182981951.7,153322154.9,196072883.6,246211590.1,258523555.9,225723157.6,211194462.4,255923482.9,297656730.5,310831584.4,268879630.2,
Palau,PLW,"Personal remittances, paid (current US$)",BM.TRF.PWKR.CD.DT,,,,,,,,,,,,,,,,,,,,,,,,,,,,,,,,,,,,,,,,,,,,,,11698615.38,11208420.6,10745635.56,9725275.14,9284464.74,8994424.38,9357489.06,9690571.02,9837794.52,9527278.231,16785283.38,18072000,19382000,19685000,19415000,17799000,14611000,14742000,17563000,,
Papua New Guinea,PNG,"Personal remittances, paid (current US$)",BM.TRF.PWKR.CD.DT,,,,,,,,,,,,,,,,,24459531.78,24379829.41,32358909.61,37462608.34,28238548.28,41408283.23,45714874.27,41760410.31,36696254.73,33511993.41,38888305.66,43252128.6,50103626.25,49811740.88,42723228.45,21015235.9,20734443.66,20446674.35,19904487.61,15668252.94,3262852.34,12298278.96,5918110.669,8319551.688,11214674.43,10739272.46,57378005.35,91147550.25,116709176,128257079,158633866.9,284230898.4,321369505.3,315784980.4,394608641.3,551168479.1,511365792.1,514810697.6,406266347.2,280651307.6,198200061.9,268127167.6,91412668.29,140810754.1,33338139.51,179585340,288836581,230782063.4,83666253,
Poland,POL,"Personal remittances, paid (current US$)",BM.TRF.PWKR.CD.DT,,,,,,,,,,,,,,,,,,,,,,,,,,,,,,,,,,,155000000,262000000,243000000,181000000,176000000,191000000,311000000,345000000,353000000,325000000,552000000,622000000,693000000,1018000000,1474000000,1155000000,1326000000,1416000000,1538000000,1579000000,2183000000,2574000000,3732000000,6345000000,7501000000,8008000000,7914000000,9418000000,10940000000,11496000000,7815000000,
Pre-demographic dividend,PRE,"Personal remittances, paid (current US$)",BM.TRF.PWKR.CD.DT,,,,,,,,,,,,,,,86886635.07,359711405.3,470565966.6,755398849.5,1058675740,1494367624,1981932188,1580227515,1422902780,1376300955,1204265329,1271336126,1433384998,1366891448,1328909615,1161978276,1316963908,1298875501,1348742841,1192066325,963445451.9,1025123020,1058976899,1109955983,1197509588,1484955017,1482829645,1354684494,1553950595,1602206416,1718814237,1972738846,3031035065,2617112243,3224556229,3946624015,4418156522,4833194491,6918442032,7772857111,7979001868,7352515561,6677778927,6225957720,6823242758,6497757457,6382646695,5912527810,7915250119,8305621195,7582832225,
Puerto Rico (US),PRI,"Personal remittances, paid (current US$)",BM.TRF.PWKR.CD.DT,,,,,,,,,,,,,,,,,,,,,,,,,,,,,,,,,,,,,,,,,,,,,,,,,,,,,,,,,,,,,,,,,,
"Korea, Dem. People's Rep.",PRK,"Personal remittances, paid (current US$)",BM.TRF.PWKR.CD.DT,,,,,,,,,,,,,,,,,,,,,,,,,,,,,,,,,,,,,,,,,,,,,,,,,,,,,,,,,,,,,,,,,,
Portugal,PRT,"Personal remittances, paid (current US$)",BM.TRF.PWKR.CD.DT,,,,,,,,,,,,,,,,22848613.74,21600763.32,26513475.42,18286382.68,16373090.74,32607627.87,15419870.38,12825953.48,13373892.78,8247200.012,14706827.16,37534751.89,19256782.53,29220443.73,27947933.2,76728961.07,94102857.28,108531598.9,459587855.8,386464353.2,527070934.6,304090907.1,217184196,207230610.2,201977061.8,203164071.5,250512227.8,256383014.2,258921844,378438803.4,435789104.7,445020322,345525100.2,387824370.2,518107689.6,505716827.7,670899548.6,559679104.5,559099096.1,514892082.6,419314430.2,340603667.8,354154457.1,318244472.1,323243741.2,305713356.3,388891157.1,303023555.6,368573557.6,482204902.9,
Paraguay,PRY,"Personal remittances, paid (current US$)",BM.TRF.PWKR.CD.DT,,,,,,,,,,,,,,,,,500000,800000.0119,1299999.952,2200000.048,2000000,1500000,1500000,400000.006,4800000.191,500000,,,100000.0015,,,,,,,,,,,,,,,,,,,,70000000,85000000,90000000,90000000,100329074,42071346.7,50944844.71,115062511.1,74510155.01,96603727.24,98542405.11,89952534.26,72848947.59,65039100.46,64760434.83,81362353.55,79507130.43,
West Bank and Gaza,PSE,"Personal remittances, paid (current US$)",BM.TRF.PWKR.CD.DT,,,,,,,,,,,,,,,,,,,,,,,,,,,,,,,,,,,,19000000,17900000,21945000,5444894.974,5687228.341,5643152.478,4900868.599,5095332.93,17883733.24,10760551.22,6475643.4,6788488.227,7929238.586,8299895.332,7912044.442,18127451.45,47915108.24,48109830.51,52642110.86,36128914.12,30398350.33,30393003.58,27462197.69,22347334.95,29079903.97,21881177.12,32247853.75,24094293.66,9330391.398,9330391.398,
Pacific island small states,PSS,"Personal remittances, paid (current US$)",BM.TRF.PWKR.CD.DT,,,,,,,,,,,,42016.4354,48828.0915,214453.9356,142273.0237,103416.4205,354385.9422,494532.8832,565790.9513,15397283.79,13783776.52,14824448.65,34507257.82,27213752.39,29281466.24,31529161.84,36739463.33,40497272.12,38799036.93,47424477.22,44788769.16,50465843.99,47447510.78,40615744.15,49209210.91,53153671.2,88010206.41,72652833.96,57136453.28,63862787.24,30545718.95,34395519.54,30877708.83,30451511.86,41951685.54,55413314.42,75229687,59794950.85,69237147.26,99169606.09,129968059,144790370.8,134529308.3,150230363.3,150741927.8,154183274.3,194982920.8,181267601.1,183033763,210459481.1,183848917.7,180411992.7,180064572.7,173991282.1,167814672.5,
Post-demographic dividend,PST,"Personal remittances, paid (current US$)",BM.TRF.PWKR.CD.DT,,,,,,,,,,,1053267249,3450385049,4138711273,5481973647,5999038532,9165588471,9443435592,11836844724,14811041690,16808568081,18651431429,20468271629,20612100544,20233769476,19775760286,19950059381,26376863567,32231800967,35329541870,37796383873,45904621716,49449871093,55508883253,56165969351,57685476381,67921882236,70877214491,69911737543,71723744629,85243177509,84403294507,91746498034,98188995769,1.09365E+11,1.23924E+11,1.33667E+11,1.47795E+11,1.70611E+11,2.0144E+11,1.90418E+11,1.91779E+11,2.09459E+11,1.99362E+11,2.08693E+11,2.20185E+11,2.06409E+11,2.14854E+11,2.26805E+11,2.52797E+11,2.58469E+11,2.53608E+11,2.7588E+11,2.97197E+11,3.31062E+11,3.51473E+11,
French Polynesia,PYF,"Personal remittances, paid (current US$)",BM.TRF.PWKR.CD.DT,,,,,,,,,,,,,,,,,,,,,,,,,,,,,,,,,,,,,,,,,,,61350468.99,51394108.53,46147167.01,46970950.05,50934305.34,55730528.78,69472017.24,64302037.17,70547819.24,55748462.95,58214549.52,46296359.3,16545064.46,9522350.051,22659424.6,,,,,,,,,
Qatar,QAT,"Personal remittances, paid (current US$)",BM.TRF.PWKR.CD.DT,,,,,,,,,,,,,,,,,,,,,,,,,,,,,,,,,,,,,,,,,,,,,,,,,,,,10444681381,10412912088,11281043956,11230219780,12192032967,11981868132,12759340659,11557967033,11963736264,10112087912,10966208791,12285714286,11773901099,11512087912,
Romania,ROU,"Personal remittances, paid (current US$)",BM.TRF.PWKR.CD.DT,,,,,,,,,,,,,,,,,,,,,,,,,,,,,,,,,,,5000000,2000000,2000000,1000000,6000000,8000000,6000000,5000000,6000000,8000000,6000000,22267034.47,40736418.74,55020476.31,168496822.8,64407171.89,88241416.55,127765726.4,116346227.6,484520900.2,592768806.8,514289660.2,302507609.9,389122476.3,435256485.9,485742404.3,536805624.6,642167674.3,967442042.8,1407627268,2108527424,
Russian Federation,RUS,"Personal remittances, paid (current US$)",BM.TRF.PWKR.CD.DT,,,,,,,,,,,,,,,,,,,,,,,,,,,,,,,,,,,221700000,468700000,507430000,568400000,464990000,204310000,232200000,914690000,1295510000,2264130000,4189730000,6827240000,12104440000,19880620000,29718810000,21147740000,21453980000,26010470000,31647700000,37216680000,32640360000,19688840000,16244420000,20610140000,22308420000,22217240000,16872180000,16819550000,5786942081,7422480000,8270710000,
Rwanda,RWA,"Personal remittances, paid (current US$)",BM.TRF.PWKR.CD.DT,,,,,,,,,,,,,,,,,9679180.145,13498709.68,13789572.72,16207042.69,21797761.92,21213785.17,18912536.62,17586957.93,16641244.89,16474941.25,23586919.78,25018672.94,28280757.9,23281644.82,21432641.98,18000347.14,1702272.773,12687450.41,6896775.246,1106100.798,5567491.055,28149408.34,2795513.868,4019765.377,28024974.09,32714482.7,31810000,29673117.24,30620593.03,,,,,,63603696.94,93816180.76,92730312.83,82872617.41,99070241.99,101923739.5,102463730.8,94286747.81,87250541.17,72408226.75,55651082.75,73393716.75,91742926.29,94475608.46,100015536.1,
South Asia,SAS,"Personal remittances, paid (current US$)",BM.TRF.PWKR.CD.DT,,,,,,,,,,,,,,,,,9859295.726,12158548.42,57671322.73,10406858.74,29833804.63,15925579.26,14950016.22,41889890.12,31096236.19,33311688.84,45098901.98,69133435.97,98997668.74,104649533.7,113811395.8,68726158.43,87076932.45,289240643.6,382009610.8,467648928.9,596599207.6,226498750.4,114937499.3,121208979.4,567638915.3,1017322397,1480922459,1577688755,2015195054,1738788603,2077127965,2619971982,4484585922,3568180832,4656762296,5041684273,6038897608,7657031546,7504016655,6224033579,7007746092,8511480401,8440106645,9426064536,8636678887,9191748431,11288849842,13471524028,13182827278,
Saudi Arabia,SAU,"Personal remittances, paid (current US$)",BM.TRF.PWKR.CD.DT,,,,,,,,,,,,207273315.4,267808471.7,391195251.5,518309875.5,554353271.5,988668579.1,1506355225,2844484375,3763943604,4094096191,5348102051,5346874512,5236254883,5284052246,5198590332,4800000000,4928000000,6501333496,8530666992,11221333333,13728000000,13379200000,15696000000,18077866667,16593866667,15492533333,15014400000,14934133333,13958133333,15390133333,15119733333,15853600000,14783280000,13555066667,14303466667,15942858667,16435845333,21696160000,26469733333,27069005333,28474925333,29492573333,34984186667,36924240000,38787368000,37843380800,36118961653,33881511795,31197048533,34595847461,40728488829,39349380602,38626562020,46564898867,
Sudan,SDN,"Personal remittances, paid (current US$)",BM.TRF.PWKR.CD.DT,,,,,,,,,,,,,,,,,,3446213.961,2877464.294,12210000.04,53200000.76,61254814.15,26001773.83,28615385.06,8000000,12182716.37,24040000.92,4137777.805,1088888.884,4377777.576,2100000,200000,200000.003,200000.003,200000.003,900000,649999.9762,400000,4600000,2700000,4400000,1900000,3590000,650000,2140000,1738017.971,2442585,2041564,2102552.757,78778.51881,788632.4433,1706234.901,8021746.359,64367674.34,35611551.23,89390261.94,112042591,124699657.9,208724836,138816458.2,199517746.2,175696167,247281848.6,,,
Senegal,SEN,"Personal remittances, paid (current US$)",BM.TRF.PWKR.CD.DT,,,,,,,,,,,,,,,27751850.13,31729307.17,26951189.04,24015008.93,42542655.94,69104393.01,90874862.67,75515731.81,69140495.3,58598766.33,51835803.99,46899036.41,57896789.55,61124011.99,67249015.81,65609580.99,79407991.62,89434179.78,95998440.18,94115543.26,59851799.27,76350035.43,67922656.49,69784370.96,66535946.99,60841404.6,55028951.05,51317747.65,39519211.91,57218739.91,76963915.96,97769904.95,96492204.05,143429092.7,144686085.2,175124711.3,216655705.6,209403263.2,220998137.7,280522384.1,300414902.3,272324110.9,388583223.2,409389540.7,591757306.3,552837235.2,527488850.7,398853372,268717702.7,339583273.7,,
Singapore,SGP,"Personal remittances, paid (current US$)",BM.TRF.PWKR.CD.DT,,,,,,,,,,,,,,,,,,,,,,,,,,,,,,,,,,,,,,,,,,,,,,,,,,,,,,,,,,,,,,,,,,
Solomon Islands,SLB,"Personal remittances, paid (current US$)",BM.TRF.PWKR.CD.DT,,,,,,,,,,,,,,,,,,,,,,,6693410.397,3482626.915,3218930.006,3174031.496,4249210.358,3644002.676,5714240.074,4753097.057,5615348.62,6777788.01,5600901.609,2227287.937,5772692.632,8074224.14,8468021.768,2851806.929,2491875.879,5725338.758,6465012.215,2255440.117,1387110.849,1577012.884,1810704.704,2111119.928,11160985.14,12106463.84,13943460.89,39104831.41,61708124.12,66854110.31,46602802.65,44826768.55,45891322.79,55643035.76,69187218.73,54704347.2,62632139.73,83345358.45,65712683.87,55072692.2,58922713.91,56635707.44,51778697.57,
Sierra Leone,SLE,"Personal remittances, paid (current US$)",BM.TRF.PWKR.CD.DT,,,,,,,,,,,,,,,,,,,,,1524103.284,,1453194.499,742575.5262,557780.0274,431866.8544,111855.8943,364250.3023,264500.767,140438.2586,56125.6775,18960.92976,8809.834712,8458.767108,7499.066345,6753.036384,6407.941503,1528.300301,1406.993268,36747.6908,,339399.6354,2616587.131,3403188.211,2604416.705,2366622.693,3883889.076,3787475.674,3215136.566,3491081.884,10570719.2,20610760.59,20085152.97,8997559.779,6840003.968,6763601.76,5474609.547,4073974.79,7007054.155,8294458.363,7710799.607,8647625.546,8288676.076,5980185.709,9682869.674,
El Salvador,SLV,"Personal remittances, paid (current US$)",BM.TRF.PWKR.CD.DT,,,,,,,,,,,,,,,,,6400000.095,14760000.23,20879999.16,24120000.84,9119999.886,2079999.924,6800000.191,6800000.191,7280000.21,3440000.057,556454.3605,519999.9809,3700000.048,4039999.962,2803601.85,2382536.383,358815.9075,229818.7975,114563.941,799714.8633,1484865.791,913763.5827,342661.351,7000000,19200000,25700000,21600000,24300000,32300000,24000000,27980000,27530000,18500000,20033000,22092947,27192390.03,26897278.14,27678165.54,51051728.2,74340145.28,164990212.2,187453483.9,189760899.4,233048594.2,186719421.6,261313248.9,274944407.8,260565430.6,256055246.8,
San Marino,SMR,"Personal remittances, paid (current US$)",BM.TRF.PWKR.CD.DT,,,,,,,,,,,,,,,,,,,,,,,,,,,,,,,,,,,,,,,,,,,,,,,,,,,,,,,,,,174826069.8,191324973.4,194851097.4,190773004.7,216150496.6,213039844.8,241864764.5,,
"Somalia, Fed. Rep.",SOM,"Personal remittances, paid (current US$)",BM.TRF.PWKR.CD.DT,,,,,,,,,,,,,,,,,,,,746624.2909,1699761.748,2652899.027,5376569.271,2571629.047,,,,,,,,,,,,,,,,,,,,,,,,,,,,,,,,,,,,,,,,,,
Serbia,SRB,"Personal remittances, paid (current US$)",BM.TRF.PWKR.CD.DT,,,,,,,,,,,,,,,,,,,,,,,,,,,,,,,,,,,,,,,,,,,,,,,,129173103.9,180041105.1,152960965.8,154765331.1,204117025.9,217796081.4,255152500,267159310.1,244953320.1,238677762.8,273499587.5,297119802.7,331770721,390450670.4,470794123,655220706.3,898950282,1103748227,
Sub-Saharan Africa (excluding high income),SSA,"Personal remittances, paid (current US$)",BM.TRF.PWKR.CD.DT,,,,,,,,,,,236599899.3,283822326.7,279514373.8,423839386,653045936.9,1030562377,1095128180,1483374112,1926461314,2596327525,3345337851,2907844312,2626602300,2699316580,2359137352,2168038810,2527321994,2638610458,2627316265,2471004292,2739080086,2375918722,2401396348,2187294757,1864745867,1981117415,1857147657,2018909304,2092028031,2389041216,2387479640,2196897269,2373167110,2721468164,2939807554,3263980694,3448927063,4061708597,4465998633,4734556439,5237607285,6152371504,7938960861,8533797540,9169426360,10844557113,9186366465,8292269389,8748090250,8308766905,8284362589,8598422839,10603072398,10857869626,9952976552,
South Sudan,SSD,"Personal remittances, paid (current US$)",BM.TRF.PWKR.CD.DT,,,,,,,,,,,,,,,,,,,,,,,,,,,,,,,,,,,,,,,,,,,,,,,,,,,,,,,2401528.794,145950000,63790000,123080000,103490000,16020000,308260000,9710000,100000,169766500,,
Sub-Saharan Africa,SSF,"Personal remittances, paid (current US$)",BM.TRF.PWKR.CD.DT,,,,,,,,,,,236599899.3,283822326.7,279514373.8,423839386,653045936.9,1030562377,1095128180,1483374112,1926461314,2596327525,3345337851,2907844312,2626602300,2699316580,2359137352,2168038810,2527321994,2638610458,2627316265,2480244535,2774731254,2407784295,2431975335,2200695203,1875977405,1992556403,1868278903,2035825714,2102999371,2398449128,2406246538,2210345272,2386073699,2743501147,2964868431,3292221488,3485918055,4129462841,4558951918,4864444693,5360464270,6314542996,8099422488,8678041152,9360721470,11136160436,9362982729,8551794125,8984391453,8493706485,8689744820,8718042640,10722412802,11143104423,10095385612,
Small states,SST,"Personal remittances, paid (current US$)",BM.TRF.PWKR.CD.DT,,,,,,,,,,,550000.0119,3589728.494,4658345.577,5640691.459,3953010.902,16150223.95,46014998.98,65401283.22,91862159.96,101867192.3,140161819.1,148861173.2,184042895.9,182903242.9,206033136.2,174732163.9,182586837.9,187119426.8,199913472.5,222392873.4,205234065.5,222072252.7,220967358.2,201619784.6,206638797.7,254186568,302815549.3,286194499.5,270297608.3,307116195.5,321746913,363954886.8,537062916.3,683530577.7,1359836300,1480292870,1771539722,2258578694,3786534256,4083708190,3794526482,3630330386,3570353245,3451929815,4323865634,3656984665,4186013757,4622055362,5030923720,4827556831,4673257830,5376689437,5472479031,6143501299,5639111495,
Sao Tome and Principe,STP,"Personal remittances, paid (current US$)",BM.TRF.PWKR.CD.DT,,,,,,,,,,,,,,,,,,,5531.7804,,158175.9751,156252.1756,195128.6048,226761.6689,235514.3577,425967.0377,780014.7533,365238.0705,184148.55,89033.4472,90000,,,,,,,930000,264120,688200,639086.7,654149.9335,473602.5,553740.6,613567.5,476206.5,670648.4808,692759.5747,488079.389,546840,621861.3295,600930.4213,1313519.657,1073543.102,1441589.815,449656.2005,575612.7052,,,103605.3277,2373286.696,6446503.568,4381547.198,4665484.493,2620904.139,
Suriname,SUR,"Personal remittances, paid (current US$)",BM.TRF.PWKR.CD.DT,,,,,,,,,,,,,,,,,,14100000.38,15300000.19,14800000.19,17500000,14600000.38,15500000,15500000,13399999.62,9300000.191,7400000.095,6599999.905,9100000.381,7199999.809,8399999.619,10800000.19,14699999.81,5599999.905,2500000,2299999.952,2900000.095,2700000.048,2299999.952,2200000.048,1799999.952,2000000,22100000.38,28299999.24,13899999.62,9500000,4100000,6400000,8200000,4600000,1200000,2593598.589,12352687.24,18795263.4,22732215.07,32221024.19,40347661.61,79784983.73,82474416.73,71686379.5,77356721.08,105345911.5,107380916.3,97202348.14,90144564.48,
Slovak Republic,SVK,"Personal remittances, paid (current US$)",BM.TRF.PWKR.CD.DT,,,,,,,,,,,,,,,,,,,,,,,,,,,,,,,,,,1511386.643,6000051.523,2567884.807,13104584.71,13726554.52,7761445.547,7010208.728,6709550.418,10107141.65,11334953.12,15577226.62,29130838.74,49933611.85,58975399.66,81855714.47,152694632.2,138194945.4,69924079.87,69738479.93,154175472.3,237967838.5,259796248.3,234978364,301539372.4,423360406.8,548544543.8,511269955,410588884,565021522,486280572,538262847.8,566205911.3,
Slovenia,SVN,"Personal remittances, paid (current US$)",BM.TRF.PWKR.CD.DT,,,,,,,,,,,,,,,,,,,,,,,,,,,,,,,,,1600000,15700000,16100000,27000000,25100000,27200000,27300000,24900000,27100000,26600000,45200000,65200000,78700000,90500000,139836254,247820855.1,380087609.3,261781988.3,212118372.7,219450580.6,198961281.8,211200410,227660174.2,200987733.1,257585736.7,294478423,339017843.4,364694719,345670898.7,418062747.1,410984920.4,524105159.9,574313501.6,
Sweden,SWE,"Personal remittances, paid (current US$)",BM.TRF.PWKR.CD.DT,,,,,,,,,,,25129465.1,27312248.23,31496614.46,45795410.16,38293247.22,52878990.17,75855484.01,102375618,68632919.31,74751640.32,82767341.61,80939064.03,137167846.7,238071670.5,235559921.3,290195282,337915771.5,367125274.7,485333740.2,554538879.4,262490658.9,359942396.6,319111607.6,245369933.5,216302063,317286477.6,406091303.4,384313304.9,503213026.8,484308456.2,538812671.4,578107476.3,507652303,567717314.7,660148512.9,728975390.3,930169752.5,1055652090,1205758489,1071467575,1160032062,1389946210,1386645913,1745382320,1791977957,2429287326,2858462904,3571781225,3688730695,3368050651,3152099432,3843954856,3938500724,4043769589,4052840483,
Eswatini,SWZ,"Personal remittances, paid (current US$)",BM.TRF.PWKR.CD.DT,,,,,,,,,,,,,,,,,1034999.967,1264999.986,8050000.191,9503466.606,8731493.95,9812385.559,9762245.178,13104747.77,13150068.28,10436742.78,12603764.53,5451776.981,4574510.098,4384831.905,4096902.04,5142477.407,7573594.918,6645874.359,5893604.208,3443536.614,3658228.116,2158438.095,1624373.807,6775367.424,20743452.59,26487653.64,21147363.37,38856179.3,4102672.07,7976785.808,16586307.98,7861622.499,6339630.087,10725156.33,11692037.27,27857280.69,49547870.55,27141111.14,17501863.18,19330858.64,18849753.45,19467166.59,24233542.48,26891451.27,24421403.35,40599677.08,40562436.17,37791185.68,27231435.71,
Sint Maarten (Dutch part),SXM,"Personal remittances, paid (current US$)",BM.TRF.PWKR.CD.DT,,,,,,,,,,,,,,,,,,,,,,,,,,,,,,,,,,,,,,,,,,,,,,,,,,,,105368715.1,107849162,107983240.2,114089385.5,107089385.5,116374301.7,104312849.2,94097363.3,99776723.03,81396898.08,88420715.21,100703378.4,104277544.7,,
Seychelles,SYC,"Personal remittances, paid (current US$)",BM.TRF.PWKR.CD.DT,,,,,,,,,,,,,,,,,,,,,,,,,,,,,,9240242.958,9794305.727,9557361.273,13292957.28,57897.91953,79116.14085,272995.9733,362174.2528,358113.3396,479838.0903,275709.3167,10104413.45,5607923.912,4894348.903,7314537.754,7925965.948,9957671.783,17328411.48,52204794.25,50521578.49,62099674.02,41220615.99,50219370.74,56958458.07,61159390.38,57661967.47,74213584.28,62945642.82,67963501.04,74888233.42,73362997.52,44858216.6,48905267.24,61474002.79,59778215.72,65478962.77,
Syrian Arab Republic,SYR,"Personal remittances, paid (current US$)",BM.TRF.PWKR.CD.DT,,,,,,,,,,,,,,,,,,,,,,,,,,,,,,,,,,12000000,11000000,15000000,20000000,25000000,29000000,28000000,29000000,30000000,35000000,40000000,42000000,40000000,235000000,249578160,209974280,211257375,530185085.5,,,,,,,,,,,,,,,
Turks and Caicos Islands,TCA,"Personal remittances, paid (current US$)",BM.TRF.PWKR.CD.DT,,,,,,,,,,,,,,,,,,,,,,,,,,,,,,,,,,,,,,,,,,,,,,,,,,,,,,,81802000,85674000,95019100,108948400,129125500,,,,,,,
Chad,TCD,"Personal remittances, paid (current US$)",BM.TRF.PWKR.CD.DT,,,,,,,,,,,,,,,,,,11506853.1,8322407.722,8546380.043,4113034.248,592496.7527,663407.9218,2962741.137,6741096.497,10519452.1,17663574.22,25324705.12,35219280.24,31199815.75,38932687.84,38800893.06,46903606.25,40948207.28,15421339.31,,,,,,,,,,,,,,,,,,,,,,,,,,,,,,,
East Asia & Pacific (IDA & IBRD countries),TEA,"Personal remittances, paid (current US$)",BM.TRF.PWKR.CD.DT,,,,,,,,,,,,42016.4354,48828.0915,214453.9356,4712150.649,18192758.06,43411784.25,53271235.77,73234311.88,93737645.39,108253594.6,119863165.9,155028169,134708193.4,137879685.2,150898415.9,165307990.6,279558156.5,376555694.8,410172260.9,477723658.2,305774797.5,292340364.7,347110343.9,321567398.2,1687146878,1803119715,2396307691,3304387053,1230355307,1494433367,1712259963,5218160883,5299276510,8281579863,9243157784,9816937419,11163791935,12368693082,15406617309,17039072306,18640619793,19044980334,20045978509,24217423443,26512991228,27313459998,36889460364,39155423261,41525587315,39818316517,43770580789,46969044045,48386003369,51368009358,
Europe & Central Asia (IDA & IBRD countries),TEC,"Personal remittances, paid (current US$)",BM.TRF.PWKR.CD.DT,,,,,,,,,,,,,,,,,,,,,,,,,,,,,,,,,,5154000,411926000,770657000,924389982,957881012.8,840065110.4,691744954.3,958636778.3,1862731637,2504632244,3748080061,6992884905,10957257562,17675955175,27869276339,38770288644,28839860307,29862810175,35814723475,42831468470,50087263751,46746910204,31352538240,27430644409,34615993791,37913934206,38679266753,32995934704,36033028056,29985982760,30216195199,30397568563,
Togo,TGO,"Personal remittances, paid (current US$)",BM.TRF.PWKR.CD.DT,,,,,,,,,,,,,,,4881500.721,6065896.988,5812919.617,8156962.395,10937007.9,10069497.11,9191613.197,8317034.721,7781349.182,8287277.222,8124375.343,7389881.611,11071136.47,12341260.91,13644533.16,12824117.66,13428104.41,12654776.93,16245308.65,6049528.165,4075974.173,4900346.015,6800866.918,10391156.86,6053037.136,6054905.402,6727752.275,5295765.451,17030417.36,28325862.2,34292108.5,35415275.17,38667705.1,47217734.83,57860981.17,72291038.56,62850365.04,92356768.01,153251451.6,177984148.6,153994596.9,89431613.89,77823097.62,86322608.01,98184891.05,102310758.2,100728931.5,,,,,
Thailand,THA,"Personal remittances, paid (current US$)",BM.TRF.PWKR.CD.DT,,,,,,,,,,,,,,,,13494105.34,12696014.4,10833278.66,15879908.56,19540206.91,35397003.17,35704269.41,47391063.69,41086750.03,54394626.62,68969841,59374298.1,58762561.8,91089347.84,122093620.3,197948154.9,53479264.66,,,,,,,,,,,,,,,,,,3265400000,3026910000,2921350000,2893154437,3288960339,3620432108,3992380815,4155202828,4396768858,4923627285,8449251256,6923409430,6591416731,6307122238,7088157733,8034488796,
Tajikistan,TJK,"Personal remittances, paid (current US$)",BM.TRF.PWKR.CD.DT,,,,,,,,,,,,,,,,,,,,,,,,,,,,,,,,,,,,,,,,,,,13370900,64440600,118972100,68289513.92,101469459.4,157517777,170624379.3,106075258.7,183618062.2,201178009.9,263465923.1,240393237,303612594,165138264.3,87127370,215552296.9,252025144,190464767.4,108392209.7,166749288.8,223772742.5,314833253.3,586128284.4,
Turkmenistan,TKM,"Personal remittances, paid (current US$)",BM.TRF.PWKR.CD.DT,,,,,,,,,,,,,,,,,,,,,,,,,,,,,,,,,,,,,7250000,4400000.095,,,,,,,,,,,,,,,,,,,,,,,,,,,,
Latin America & the Caribbean (IDA & IBRD countries),TLA,"Personal remittances, paid (current US$)",BM.TRF.PWKR.CD.DT,,,,,,,,,,,100550000,98793192.84,108896316.7,129062211.5,161270004.3,320526611.1,418813525.1,527100359.6,711718329.3,670608336.5,1000622566,1015808863,1261876653,602993887.9,689247594.5,718577544.3,665851643.9,677391481.3,733650282.2,924837909.4,1035042863,1114858196,1305499149,1399303113,1425447311,1113624830,1331236554,1292472274,1462958298,1511746674,1992926301,1998633204,1891250057,1807637594,1961959222,2136821846,2598694023,3368825012,4174947598,4080510584,5634360414,6331532896,6620541468,7806942110,7516021079,7404829601,7547101563,9561966246,9997439543,10204025544,8589707113,9818112807,10812726378,11137637653,11207407542,
Timor-Leste,TLS,"Personal remittances, paid (current US$)",BM.TRF.PWKR.CD.DT,,,,,,,,,,,,,,,,,,,,,,,,,,,,,,,,,,,,,,,,,,,,,,,524060.4121,3323008.371,15584032.86,85570678.06,103374566.1,104752310.6,107023350.4,7770793.38,27615779.9,158813100,237380400,265601245.9,285678509.3,97856890.27,65439792.68,97042472.83,121906126.5,185749733.5,118507877.2,
"Middle East, North Africa, Afghanistan & Pakistan (IDA & IBRD)",TMN,"Personal remittances, paid (current US$)",BM.TRF.PWKR.CD.DT,,,,,,,,,,,,,,,,53300598.14,99580220.82,1054363832,1214961670,1147096601,1471712024,1920614579,1942349519,2445002412,1682048176,1265910647,866762050.1,767906101.6,732441413.4,658857865.5,698300687.1,673739355.9,838179720.2,670258779.4,735954089.3,668506496.5,621948969.2,839713115.8,630653983.8,542535955.5,830082343.4,1056806701,3661215157,5224250058,5704019366,5649482957,6160509524,5088255002,6940101826,9199489553,8739058899,6897016089,9029522363,10438173790,8334708884,7043275262,6973817305,7092238174,8021131358,7717868583,5840074640,5177869581,6292423491,9106545613,2406003032,
Tonga,TON,"Personal remittances, paid (current US$)",BM.TRF.PWKR.CD.DT,,,,,,,,,,,,42016.4354,48828.0915,214453.9356,142273.0237,103416.4205,354385.9422,494532.8832,565790.9513,637048.9597,708307.0278,779565.0363,850823.0448,1501176.953,1701748.133,979246.4972,2905546.904,3992139.339,982477.3669,1812820.315,860948.1245,773626.7244,1038676.82,1718659.874,,,,,,,,5629488.894,15253015.85,12714937.12,9662539.518,11020859.52,14110858.23,9222498.172,13334186.51,8834718.688,8115332.626,6163833.099,4555313.27,6827657.8,5694681.884,14221511.37,25551135.86,27134480.68,20924979.16,28880062.92,29091644.27,31130549.45,27699985.38,29258875.81,27764391.58,
South Asia (IDA & IBRD),TSA,"Personal remittances, paid (current US$)",BM.TRF.PWKR.CD.DT,,,,,,,,,,,,,,,,,9859295.726,12158548.42,57671322.73,10406858.74,29833804.63,15925579.26,14950016.22,41889890.12,31096236.19,33311688.84,45098901.98,69133435.97,98997668.74,104649533.7,113811395.8,68726158.43,87076932.45,289240643.6,382009610.8,467648928.9,596599207.6,226498750.4,114937499.3,121208979.4,567638915.3,1017322397,1480922459,1577688755,2015195054,1738788603,2077127965,2619971982,4484585922,3568180832,4656762296,5041684273,6038897608,7657031546,7504016655,6224033579,7007746092,8511480401,8440106645,9426064536,8636678887,9191748431,11288849842,13471524028,13182827278,
Sub-Saharan Africa (IDA & IBRD countries),TSS,"Personal remittances, paid (current US$)",BM.TRF.PWKR.CD.DT,,,,,,,,,,,236599899.3,283822326.7,279514373.8,423839386,653045936.9,1030562377,1095128180,1483374112,1926461314,2596327525,3345337851,2907844312,2626602300,2699316580,2359137352,2168038810,2527321994,2638610458,2627316265,2480244535,2774731254,2407784295,2431975335,2200695203,1875977405,1992556403,1868278903,2035825714,2102999371,2398449128,2406246538,2210345272,2386073699,2743501147,2964868431,3292221488,3485918055,4129462841,4558951918,4864444693,5360464270,6314542996,8099422488,8678041152,9360721470,11136160436,9362982729,8551794125,8984391453,8493706485,8689744820,8718042640,10722412802,11143104423,10095385612,
Trinidad and Tobago,TTO,"Personal remittances, paid (current US$)",BM.TRF.PWKR.CD.DT,,,,,,,,,,,,,,,,11752247.81,8046682.358,11375000,14708333.02,17458333.97,31416666.03,51500000,59958332.06,73875000,80125000,53673469.54,28694444.66,21000000,24507316.59,19482353.21,2000000,2752941.176,3788235.294,1495020.647,1316471.435,1311410.179,,,,,,,,,,,,,,,,200801102.1,223359863.8,215938588.7,253005294.7,289580106.3,372027289.7,378969976.5,358572056.5,251772738.3,265798076.4,195912826.4,170713719.3,148611344.7,150105444.4,
Tunisia,TUN,"Personal remittances, paid (current US$)",BM.TRF.PWKR.CD.DT,,,,,,,,,,,,,,,,,20990030.29,23312740.33,28834312.44,22142263.41,22224737.17,22276037.22,16929426.19,16205863.95,15447328.57,16776596.07,8815796.852,9654110.909,5828836.441,9480462.074,5692599.62,5407622.043,7914672.295,6973905.969,10874355.88,21147237.64,11300499.11,19893149.67,7903576.368,7587093.511,21157330.29,20921483.62,12941948.79,17152281.47,12926881.49,15646275.98,16453485.1,15218225.45,15744942.75,12886263.91,13343579.71,19037020.37,18439178.99,19573346.19,28450675.19,26457656.28,27420431.09,29263151.37,28615813.66,29819021.58,24284517.97,31505959.34,41543837.33,67126090.27,70343768.13,
Turkiye,TUR,"Personal remittances, paid (current US$)",BM.TRF.PWKR.CD.DT,,,,,,,,,,,,,,,,,,,,,,,,,,,,,,,,,,,,,,,,,,,,,,108000000,124000000,124000000,126000000,157000000,190000000,268000000,404000000,689000000,815000000,850000000,1108000000,631000000,627000000,678000000,521000000,631000000,731000000,994000000,1534000000,
Tuvalu,TUV,"Personal remittances, paid (current US$)",BM.TRF.PWKR.CD.DT,,,,,,,,,,,,,,,,,,,,,,,,,,,,,,,,,,,,,,,,,,371358.3414,434649.7334,302221.7514,498620.1533,704863.5329,1223669.051,1358076.602,1368083.914,1383529.525,1911742.938,2390233.423,2662843.811,1375371.229,1302753.874,1116780.155,1116775.286,1101889.612,1190195.62,1234651.665,1354769.845,2419015.411,1799603.184,2223653.479,,
Tanzania,TZA,"Personal remittances, paid (current US$)",BM.TRF.PWKR.CD.DT,,,,,,,,,,,,,,,,,6804527.76,5308106.422,6094358.921,,,,,,,,,,,,,,,,,509776.4495,810377.429,645295.672,4017023.705,15400019.13,20300037.62,29674900,26991637.5,27101500,33886400.99,33223895.38,29654900.31,39371684.1,47747833.43,46611927.76,123023671.7,133400000,162402671.1,129703911.3,98283104.93,103818117.8,108374755.9,114385281.8,99054685.02,87214900.11,86974410.93,122238215.9,162212180.2,565738869.4,681881764.1,
Uganda,UGA,"Personal remittances, paid (current US$)",BM.TRF.PWKR.CD.DT,,,,,,,,,,,,,,,,,,,,,4099999.905,500000,,,,,,,,,,,,,,,,,,229300000,353000000,354682787.2,357648054.7,181806184.1,194093350.6,197011480.8,206068762,235713817.4,381043892.1,482615626.4,331099938.3,395371393.2,325374046.3,367618755,301772021.3,278222282.5,349353415.9,344184148.2,399502099.1,379375254.1,198825585.1,222543096.7,245388593.8,229436389,211063479.7,
Ukraine,UKR,"Personal remittances, paid (current US$)",BM.TRF.PWKR.CD.DT,,,,,,,,,,,,,,,,,,,,,,,,,,,,,,,,,,,,,1000000,4000000,3000000,3000000,5000000,,4000000,4000000,6000000,186000000,255000000,353000000,714000000,613000000,703000000,849000000,1003000000,1716000000,1702000000,627000000,559000000,584000000,565000000,575000000,843000000,1083000000,2036000000,94000000,193000000,
Upper middle income,UMC,"Personal remittances, paid (current US$)",BM.TRF.PWKR.CD.DT,,,,,,,,,,,249599899.3,296903083.3,294763141.6,438359400,580733254.6,809446593.3,820925276.6,998201742.8,1201978071,1331386244,1781867214,1747324586,1662730376,1647676442,1565020123,1410481948,1556643809,1694110467,1781038826,1844831871,1927889004,1568919539,1475750132,1629552786,1708534344,1843404311,1956821717,2130161798,2323003866,2833857485,3314845779,3520380194,3875585967,4841121737,7438959195,8937277067,11614793440,13635881234,15013559833,17542592622,18780484025,20981458831,23388365262,25140196284,29861333490,29217008645,28904995011,41000222463,42451811978,45106000724,44578516142,51339454218,56408062402,56394304384,59141004067,
Uruguay,URY,"Personal remittances, paid (current US$)",BM.TRF.PWKR.CD.DT,,,,,,,,,,,,,,,,,,,,1299999.952,,,,,,,,,,,,,,,,,,,,,,,,1421609,1770000,2176000,2843000,3536000,4678000,5629000,6651000,7211000,10013756.31,100492128.3,93965893.18,87384745.17,85258958.75,101050222.6,109274299.8,116799722.9,106386581.3,117747674.8,127108442.5,135288776.6,137570760.5,
United States,USA,"Personal remittances, paid (current US$)",BM.TRF.PWKR.CD.DT,,,,,,,,,,,650000000,700000000,670000000,710000000,680000000,590000000,650000000,1060000000,1170000000,1220000000,1360000000,4720000000,5140000000,5450000000,5990000000,6330000000,8660000000,8806000000,9005000000,10220000000,11850000000,13919000000,16156300000,18041200000,20365700000,22181400000,23723200000,25593600000,27426700000,33346000000,34397000000,38219000000,40109000000,40943000000,44357000000,47751000000,50974000000,53039000000,55679000000,50555000000,50527000000,50854000000,52371000000,55003000000,57239000000,60719000000,62870000000,64114000000,66836000000,71583000000,66126000000,73551000000,88741000000,98303000000,1.03179E+11,
Uzbekistan,UZB,"Personal remittances, paid (current US$)",BM.TRF.PWKR.CD.DT,,,,,,,,,,,,,,,,,,,,,,,,,,,,,,,,,,,,,,,,,,,,,,148296600,189561600,327699000,473929050,385683587.3,260825190,341066130,402304500,676778600,607071500,335516240,159289200,174311760,244064391.3,274721977,341077595.3,447730939.4,625458701.5,595034916,737254767.2,
St. Vincent and the Grenadines,VCT,"Personal remittances, paid (current US$)",BM.TRF.PWKR.CD.DT,,,,,,,,,,,,,,,,,,,,,,,,,,,3155555.487,5133333.206,3859259.367,3048148.155,3051851.852,800000,,2962962.963,2625925.926,2337037.037,2188888.889,3696296.296,3844444.444,3633333.333,4459259.259,4545555.556,3801851.852,3653200,3939251.852,9948010.795,11023014.51,12249733.02,12655053.23,12537672.09,12679802.02,12821263.71,13135138.48,13624457.29,11544080.6,10052444.72,12403062.65,12273181.15,10815235.01,10428524.07,9821315.185,8083617.778,11807721.85,17064814.44,15486465.56,
"Venezuela, RB",VEN,"Personal remittances, paid (current US$)",BM.TRF.PWKR.CD.DT,,,,,,,,,,,87000000,80000000,90000000,106000000,136000000,144000000,170000000,232000000,372000000,389000000,418000000,383000000,615000000,187000000,208000000,217000000,185000000,215000000,211000000,368000000,701000000,677000000,858000000,729000000,609000000,203000000,290000000,211000000,261000000,195000000,331000000,406000000,383000000,209000000,214000000,211000000,257000000,662000000,841000000,582000000,805000000,782000000,899000000,1117000000,193000000,105000000,54000000,,,,,,,,,
British Virgin Islands,VGB,"Personal remittances, paid (current US$)",BM.TRF.PWKR.CD.DT,,,,,,,,,,,,,,,,,,,,,,,,,,,,,,,,,,,,,,,,,,,,,,,,,,,,,,,,,,,,,,,,,,
Virgin Islands (U.S.),VIR,"Personal remittances, paid (current US$)",BM.TRF.PWKR.CD.DT,,,,,,,,,,,,,,,,,,,,,,,,,,,,,,,,,,,,,,,,,,,,,,,,,,,,,,,,,,,,,,,,,,
Viet Nam,VNM,"Personal remittances, paid (current US$)",BM.TRF.PWKR.CD.DT,,,,,,,,,,,,,,,,,,,,,,,,,,,,,,,,,,,,,,,,,,,,,,,,,,,,,,,46000000,,,,,,,,,,,
Vanuatu,VUT,"Personal remittances, paid (current US$)",BM.TRF.PWKR.CD.DT,,,,,,,,,,,,,,,,,,,,,,,17088064.19,12026044.85,14647955.89,15122900.96,13905146.6,17753858.57,16217096.33,15611820.22,12392464.43,12985765.73,12784758.03,9229367.62,10734383.5,11454298.8,33633049.62,30329271.59,14112241.26,14604007.69,17194271.88,16109883.79,2148163.931,2719771.826,2979821.696,3001021.455,3138417.383,2625059.278,2549130.442,2694966.433,3076580.168,3534769.46,2382241.232,2444150.978,3714947.694,3331006.951,4552015.081,4852129.675,10171324.37,15540295.84,8472849.501,7823863.305,19056859.01,,,
World,WLD,"Personal remittances, paid (current US$)",BM.TRF.PWKR.CD.DT,,,,,,,,,,,1400867148,4050961448,4800562874,6431468299,7455824099,11909587556,12970302511,17453546980,22824558510,26276982306,30202796632,33430243831,34304662894,33888297656,32793785278,32769812414,38807313397,45089799119,50008094504,54612782884,65248227354,70500349683,77573374929,80933158922,85168670570,95356870901,97522594851,97092856130,1.0021E+11,1.11049E+11,1.13652E+11,1.22259E+11,1.36714E+11,1.50925E+11,1.72666E+11,1.89495E+11,2.16104E+11,2.60153E+11,3.16786E+11,3.05899E+11,3.13367E+11,3.53842E+11,3.59341E+11,3.92166E+11,4.06478E+11,3.79891E+11,3.83464E+11,4.13302E+11,4.45534E+11,4.5406E+11,4.37558E+11,4.76193E+11,5.01421E+11,5.38273E+11,5.59088E+11,
Samoa,WSM,"Personal remittances, paid (current US$)",BM.TRF.PWKR.CD.DT,,,,,,,,,,,,,,,,,,,,,,,,,,195967.2272,219164.8483,249793.9914,2235107.66,2722237.11,3052144.041,3092153.251,4318194.873,2931554.148,3558133.237,4115785.094,5860676.926,3106231.152,2934504.406,3119656.758,4667156.219,6214655.876,7762155.533,9309655.19,10857154.72,15535586.73,20918751.4,10205979.01,8592645.198,8453372.806,8947643.195,12405220.01,11039604.57,18219957.63,12467914.79,15747451.09,17712737.95,18966689,17312561.11,19773166.06,21124520.65,25873304.38,27028757.51,32477071.89,47900674.61,
Kosovo,XKX,"Personal remittances, paid (current US$)",BM.TRF.PWKR.CD.DT,,,,,,,,,,,,,,,,,,,,,,,,,,,,,,,,,,,,,,,,,,,,,172341725.6,161865589.6,120048125,96115410.15,127064212.6,155674358.1,127120642.7,151105057.1,117999218.4,106278640.2,99795784.78,68395898.17,66754503.01,61995082.33,58958746.84,42016018.44,49721161.46,53002697.34,60712231.87,65150901.03,59435193.45,
"Yemen, Rep.",YEM,"Personal remittances, paid (current US$)",BM.TRF.PWKR.CD.DT,,,,,,,,,,,,,,,,,,,,,,,,,,,,,,,106400001.5,125400001.5,93800003.05,94300003.05,68400001.53,61200000.76,59599998.47,41400001.53,42700000.76,27000000,60504001.62,63604000.09,64304000.85,59994068.15,108315467.8,109495910,120440000,318720000,336840000,336840000,338320000,333420000,337707048,333295533,335395533,333389518,332700000,,,,,,,,,
South Africa,ZAF,"Personal remittances, paid (current US$)",BM.TRF.PWKR.CD.DT,,,,,,,,,,,236599899.3,283822326.7,279514373.8,423839386,566159301.8,666929443.4,576150024.4,629049987.8,696900024.4,805829650.9,1016783813,1049835815,952328369.1,1079986450,934106750.5,721691406.3,843415832.5,1069280151,1070528687,1093382080,1115615401,802710419.6,738430488.6,631943782,571592532.2,566617152.3,518459412.8,581840215.6,616228476.4,641272393.3,614277481.9,520760001.2,505532298.7,705751528.2,934598613.5,1041844333,1055126655,1172716922,1118933009,1143855053,1352799185,1422697865,1319944369,1181980419,1093585876,980097838.5,896798664.3,1033489764,1097843691,1052038113,920781830.1,1066450455,1011889850,932420405.8,993227782.6,
Zambia,ZMB,"Personal remittances, paid (current US$)",BM.TRF.PWKR.CD.DT,,,,,,,,,,,,,,,,,,,70300003.05,113900001.5,82400001.53,69400001.53,36799999.24,39000000,25799999.24,23700000.76,41900001.53,19100000.38,23600000.38,25700000.76,14900000,18700000,,,,,,59000000,39200000,21800000,24100000,28400000,37500000,71500000,76100000,93662000,115457000,123930000,138885000,65617000,68063986,70413825.16,96922000,77324470.74,81199881.14,72104698.87,63405836.44,121370620.7,132001364.1,103806723.9,88510886.08,122331951.7,131254123,135387612.6,118804959.8,
Zimbabwe,ZWE,"Personal remittances, paid (current US$)",BM.TRF.PWKR.CD.DT,,,,,,,,,,,,,,,,,,40218498.23,42233234.41,94783645.63,134977966.3,122062927.2,110731514,83272193.91,62716938.02,15254607.2,20079193.12,16780281.07,15489000.32,15853200.91,9116352.216,7196323.32,9136897.748,6691332.067,6239535.579,,,,,,,,,,,,,,,8559307.801,9021510.423,9445521.412,9889460.919,10354265.58,10840916.06,11350439.12,13844871.12,14100000,19514159.32,5907511.57,9520899.08,11198437.09,8683242.475,18787963.21,5595250.665,
